leaf	file	printed	basis	note
0017	worksofwilliamsh0000shak_y3h8_0017.jp2	1	offset	
0018	worksofwilliamsh0000shak_y3h8_0018.jp2	2	offset	
0019	worksofwilliamsh0000shak_y3h8_0019.jp2	3	offset	
0020	worksofwilliamsh0000shak_y3h8_0020.jp2	4	offset	
0021	worksofwilliamsh0000shak_y3h8_0021.jp2	5	offset	
0022	worksofwilliamsh0000shak_y3h8_0022.jp2	6	offset	
0023	worksofwilliamsh0000shak_y3h8_0023.jp2	7	offset	
0024	worksofwilliamsh0000shak_y3h8_0024.jp2	8	offset	
0025	worksofwilliamsh0000shak_y3h8_0025.jp2	9	offset	
0026	worksofwilliamsh0000shak_y3h8_0026.jp2	10	offset	
0027	worksofwilliamsh0000shak_y3h8_0027.jp2	11	offset	
0028	worksofwilliamsh0000shak_y3h8_0028.jp2	12	offset	
0029	worksofwilliamsh0000shak_y3h8_0029.jp2	13	offset	
0030	worksofwilliamsh0000shak_y3h8_0030.jp2	14	offset	
0031	worksofwilliamsh0000shak_y3h8_0031.jp2	15	offset	
0032	worksofwilliamsh0000shak_y3h8_0032.jp2	16	offset	
0033	worksofwilliamsh0000shak_y3h8_0033.jp2	17	offset	
0034	worksofwilliamsh0000shak_y3h8_0034.jp2	18	offset	
0035	worksofwilliamsh0000shak_y3h8_0035.jp2	19	offset	
0036	worksofwilliamsh0000shak_y3h8_0036.jp2	20	offset	
0037	worksofwilliamsh0000shak_y3h8_0037.jp2	21	offset	
0038	worksofwilliamsh0000shak_y3h8_0038.jp2	22	offset	
0039	worksofwilliamsh0000shak_y3h8_0039.jp2	23	offset	
0040	worksofwilliamsh0000shak_y3h8_0040.jp2	24	offset	
0041	worksofwilliamsh0000shak_y3h8_0041.jp2	25	offset	
0042	worksofwilliamsh0000shak_y3h8_0042.jp2	26	offset	
0043	worksofwilliamsh0000shak_y3h8_0043.jp2	27	offset	
0044	worksofwilliamsh0000shak_y3h8_0044.jp2	28	offset	
0045	worksofwilliamsh0000shak_y3h8_0045.jp2	29	offset	
0046	worksofwilliamsh0000shak_y3h8_0046.jp2	30	offset	
0047	worksofwilliamsh0000shak_y3h8_0047.jp2	31	offset	
0048	worksofwilliamsh0000shak_y3h8_0048.jp2	32	offset	
0049	worksofwilliamsh0000shak_y3h8_0049.jp2	33	offset	
0050	worksofwilliamsh0000shak_y3h8_0050.jp2	34	offset	
0051	worksofwilliamsh0000shak_y3h8_0051.jp2	35	offset	
0052	worksofwilliamsh0000shak_y3h8_0052.jp2	36	offset	
0053	worksofwilliamsh0000shak_y3h8_0053.jp2	37	offset	
0054	worksofwilliamsh0000shak_y3h8_0054.jp2	38	offset	
0055	worksofwilliamsh0000shak_y3h8_0055.jp2	39	offset	
0056	worksofwilliamsh0000shak_y3h8_0056.jp2	40	offset	
0057	worksofwilliamsh0000shak_y3h8_0057.jp2	41	offset	
0058	worksofwilliamsh0000shak_y3h8_0058.jp2	42	offset	
0059	worksofwilliamsh0000shak_y3h8_0059.jp2	43	offset	
0060	worksofwilliamsh0000shak_y3h8_0060.jp2	44	offset	
0061	worksofwilliamsh0000shak_y3h8_0061.jp2	45	offset	
0062	worksofwilliamsh0000shak_y3h8_0062.jp2	46	offset	
0063	worksofwilliamsh0000shak_y3h8_0063.jp2	47	offset	
0064	worksofwilliamsh0000shak_y3h8_0064.jp2	48	offset	
0065	worksofwilliamsh0000shak_y3h8_0065.jp2	49	offset	
0066	worksofwilliamsh0000shak_y3h8_0066.jp2	50	offset	
0067	worksofwilliamsh0000shak_y3h8_0067.jp2	51	offset	
0068	worksofwilliamsh0000shak_y3h8_0068.jp2	52	offset	
0069	worksofwilliamsh0000shak_y3h8_0069.jp2	53	offset	
0070	worksofwilliamsh0000shak_y3h8_0070.jp2	54	offset	
0071	worksofwilliamsh0000shak_y3h8_0071.jp2	55	offset	
0072	worksofwilliamsh0000shak_y3h8_0072.jp2	56	offset	
0073	worksofwilliamsh0000shak_y3h8_0073.jp2	57	offset	
0074	worksofwilliamsh0000shak_y3h8_0074.jp2	58	offset	
0075	worksofwilliamsh0000shak_y3h8_0075.jp2	59	offset	
0076	worksofwilliamsh0000shak_y3h8_0076.jp2	60	offset	
0077	worksofwilliamsh0000shak_y3h8_0077.jp2	61	offset	
0078	worksofwilliamsh0000shak_y3h8_0078.jp2	62	offset	
0079	worksofwilliamsh0000shak_y3h8_0079.jp2	63	offset	
0080	worksofwilliamsh0000shak_y3h8_0080.jp2	64	offset	
0081	worksofwilliamsh0000shak_y3h8_0081.jp2	65	offset	
0082	worksofwilliamsh0000shak_y3h8_0082.jp2	66	offset	
0083	worksofwilliamsh0000shak_y3h8_0083.jp2	67	offset	
0084	worksofwilliamsh0000shak_y3h8_0084.jp2	68	offset	
0085	worksofwilliamsh0000shak_y3h8_0085.jp2	69	offset	
0086	worksofwilliamsh0000shak_y3h8_0086.jp2	70	offset	
0087	worksofwilliamsh0000shak_y3h8_0087.jp2	71	offset	
0088	worksofwilliamsh0000shak_y3h8_0088.jp2	72	offset	
0089	worksofwilliamsh0000shak_y3h8_0089.jp2	73	offset	
0090	worksofwilliamsh0000shak_y3h8_0090.jp2	74	offset	
0091	worksofwilliamsh0000shak_y3h8_0091.jp2	75	offset	
0092	worksofwilliamsh0000shak_y3h8_0092.jp2	76	offset	
0093	worksofwilliamsh0000shak_y3h8_0093.jp2	77	offset	
0094	worksofwilliamsh0000shak_y3h8_0094.jp2	78	offset	
0095	worksofwilliamsh0000shak_y3h8_0095.jp2	79	offset	
0096	worksofwilliamsh0000shak_y3h8_0096.jp2	80	offset	
0097	worksofwilliamsh0000shak_y3h8_0097.jp2	81	offset	
0098	worksofwilliamsh0000shak_y3h8_0098.jp2	82	offset	
0099	worksofwilliamsh0000shak_y3h8_0099.jp2	83	offset	
0100	worksofwilliamsh0000shak_y3h8_0100.jp2	84	offset	
0101	worksofwilliamsh0000shak_y3h8_0101.jp2	85	offset	
0102	worksofwilliamsh0000shak_y3h8_0102.jp2	86	offset	
0103	worksofwilliamsh0000shak_y3h8_0103.jp2	87	offset	
0104	worksofwilliamsh0000shak_y3h8_0104.jp2	88	offset	
0105	worksofwilliamsh0000shak_y3h8_0105.jp2	89	offset	
0106	worksofwilliamsh0000shak_y3h8_0106.jp2	90	offset	
0107	worksofwilliamsh0000shak_y3h8_0107.jp2	91	offset	
0108	worksofwilliamsh0000shak_y3h8_0108.jp2	92	offset	
0109	worksofwilliamsh0000shak_y3h8_0109.jp2	93	offset	
0110	worksofwilliamsh0000shak_y3h8_0110.jp2	94	offset	
0111	worksofwilliamsh0000shak_y3h8_0111.jp2	95	offset	
0112	worksofwilliamsh0000shak_y3h8_0112.jp2	96	offset	
0113	worksofwilliamsh0000shak_y3h8_0113.jp2	97	offset	
0114	worksofwilliamsh0000shak_y3h8_0114.jp2	98	offset	
0115	worksofwilliamsh0000shak_y3h8_0115.jp2	99	offset	
0116	worksofwilliamsh0000shak_y3h8_0116.jp2	100	offset	
0117	worksofwilliamsh0000shak_y3h8_0117.jp2	101	offset	
0118	worksofwilliamsh0000shak_y3h8_0118.jp2	102	offset	
0119	worksofwilliamsh0000shak_y3h8_0119.jp2	103	offset	
0120	worksofwilliamsh0000shak_y3h8_0120.jp2	104	offset	
0121	worksofwilliamsh0000shak_y3h8_0121.jp2	105	offset	
0122	worksofwilliamsh0000shak_y3h8_0122.jp2	106	offset	
0123	worksofwilliamsh0000shak_y3h8_0123.jp2	107	offset	
0124	worksofwilliamsh0000shak_y3h8_0124.jp2	108	offset	
0125	worksofwilliamsh0000shak_y3h8_0125.jp2	109	offset	
0126	worksofwilliamsh0000shak_y3h8_0126.jp2	110	offset	
0127	worksofwilliamsh0000shak_y3h8_0127.jp2	111	offset	
0128	worksofwilliamsh0000shak_y3h8_0128.jp2	112	offset	
0129	worksofwilliamsh0000shak_y3h8_0129.jp2	113	offset	
0130	worksofwilliamsh0000shak_y3h8_0130.jp2	114	offset	
0131	worksofwilliamsh0000shak_y3h8_0131.jp2	115	offset	
0132	worksofwilliamsh0000shak_y3h8_0132.jp2	116	offset	
0133	worksofwilliamsh0000shak_y3h8_0133.jp2	117	offset	
0134	worksofwilliamsh0000shak_y3h8_0134.jp2	118	offset	
0135	worksofwilliamsh0000shak_y3h8_0135.jp2	119	offset	
0136	worksofwilliamsh0000shak_y3h8_0136.jp2	120	offset	
0137	worksofwilliamsh0000shak_y3h8_0137.jp2	121	offset	
0138	worksofwilliamsh0000shak_y3h8_0138.jp2	122	offset	
0139	worksofwilliamsh0000shak_y3h8_0139.jp2	123	offset	
0140	worksofwilliamsh0000shak_y3h8_0140.jp2	124	offset	
0141	worksofwilliamsh0000shak_y3h8_0141.jp2	125	offset	
0142	worksofwilliamsh0000shak_y3h8_0142.jp2	126	offset	
0143	worksofwilliamsh0000shak_y3h8_0143.jp2	127	offset	
0144	worksofwilliamsh0000shak_y3h8_0144.jp2	128	offset	
0145	worksofwilliamsh0000shak_y3h8_0145.jp2	129	offset	
0146	worksofwilliamsh0000shak_y3h8_0146.jp2	130	offset	
0147	worksofwilliamsh0000shak_y3h8_0147.jp2	131	offset	
0148	worksofwilliamsh0000shak_y3h8_0148.jp2	132	offset	
0149	worksofwilliamsh0000shak_y3h8_0149.jp2	133	offset	
0150	worksofwilliamsh0000shak_y3h8_0150.jp2	134	offset	
0151	worksofwilliamsh0000shak_y3h8_0151.jp2	135	offset	
0152	worksofwilliamsh0000shak_y3h8_0152.jp2	136	offset	
0153	worksofwilliamsh0000shak_y3h8_0153.jp2	137	offset	
0154	worksofwilliamsh0000shak_y3h8_0154.jp2	138	offset	
0155	worksofwilliamsh0000shak_y3h8_0155.jp2	139	offset	
0156	worksofwilliamsh0000shak_y3h8_0156.jp2	140	offset	
0157	worksofwilliamsh0000shak_y3h8_0157.jp2	141	offset	
0158	worksofwilliamsh0000shak_y3h8_0158.jp2	142	offset	
0159	worksofwilliamsh0000shak_y3h8_0159.jp2	143	offset	
0160	worksofwilliamsh0000shak_y3h8_0160.jp2	144	offset	
0161	worksofwilliamsh0000shak_y3h8_0161.jp2	145	offset	
0162	worksofwilliamsh0000shak_y3h8_0162.jp2	146	offset	
0163	worksofwilliamsh0000shak_y3h8_0163.jp2	147	offset	
0164	worksofwilliamsh0000shak_y3h8_0164.jp2	148	offset	
0165	worksofwilliamsh0000shak_y3h8_0165.jp2	149	offset	
0166	worksofwilliamsh0000shak_y3h8_0166.jp2	150	offset	
0167	worksofwilliamsh0000shak_y3h8_0167.jp2	151	offset	
0168	worksofwilliamsh0000shak_y3h8_0168.jp2	152	offset	
0169	worksofwilliamsh0000shak_y3h8_0169.jp2	153	offset	
0170	worksofwilliamsh0000shak_y3h8_0170.jp2	154	offset	
0171	worksofwilliamsh0000shak_y3h8_0171.jp2	155	offset	
0172	worksofwilliamsh0000shak_y3h8_0172.jp2	156	offset	
0173	worksofwilliamsh0000shak_y3h8_0173.jp2	157	offset	
0174	worksofwilliamsh0000shak_y3h8_0174.jp2	158	offset	
0175	worksofwilliamsh0000shak_y3h8_0175.jp2	159	offset	
0176	worksofwilliamsh0000shak_y3h8_0176.jp2	160	offset	
0177	worksofwilliamsh0000shak_y3h8_0177.jp2	161	offset	
0178	worksofwilliamsh0000shak_y3h8_0178.jp2	162	offset	
0179	worksofwilliamsh0000shak_y3h8_0179.jp2	163	offset	
0180	worksofwilliamsh0000shak_y3h8_0180.jp2	164	offset	
0181	worksofwilliamsh0000shak_y3h8_0181.jp2	165	offset	
0182	worksofwilliamsh0000shak_y3h8_0182.jp2	166	offset	
0183	worksofwilliamsh0000shak_y3h8_0183.jp2	167	offset	
0184	worksofwilliamsh0000shak_y3h8_0184.jp2	168	offset	
0185	worksofwilliamsh0000shak_y3h8_0185.jp2	169	offset	
0186	worksofwilliamsh0000shak_y3h8_0186.jp2	170	offset	
0187	worksofwilliamsh0000shak_y3h8_0187.jp2	171	offset	
0188	worksofwilliamsh0000shak_y3h8_0188.jp2	172	offset	
0189	worksofwilliamsh0000shak_y3h8_0189.jp2	173	offset	
0190	worksofwilliamsh0000shak_y3h8_0190.jp2	174	offset	
0191	worksofwilliamsh0000shak_y3h8_0191.jp2	175	offset	
0192	worksofwilliamsh0000shak_y3h8_0192.jp2	176	offset	
0193	worksofwilliamsh0000shak_y3h8_0193.jp2	177	offset	
0194	worksofwilliamsh0000shak_y3h8_0194.jp2	178	offset	
0195	worksofwilliamsh0000shak_y3h8_0195.jp2	179	offset	
0196	worksofwilliamsh0000shak_y3h8_0196.jp2	180	offset	
0197	worksofwilliamsh0000shak_y3h8_0197.jp2	181	offset	
0198	worksofwilliamsh0000shak_y3h8_0198.jp2	182	offset	
0199	worksofwilliamsh0000shak_y3h8_0199.jp2	183	offset	
0200	worksofwilliamsh0000shak_y3h8_0200.jp2	184	offset	
0201	worksofwilliamsh0000shak_y3h8_0201.jp2	185	offset	
0202	worksofwilliamsh0000shak_y3h8_0202.jp2	186	offset	
0203	worksofwilliamsh0000shak_y3h8_0203.jp2	187	offset	
0204	worksofwilliamsh0000shak_y3h8_0204.jp2	188	offset	
0205	worksofwilliamsh0000shak_y3h8_0205.jp2	189	offset	
0206	worksofwilliamsh0000shak_y3h8_0206.jp2	190	offset	
0207	worksofwilliamsh0000shak_y3h8_0207.jp2	191	offset	
0208	worksofwilliamsh0000shak_y3h8_0208.jp2	192	offset	
0209	worksofwilliamsh0000shak_y3h8_0209.jp2	193	offset	
0210	worksofwilliamsh0000shak_y3h8_0210.jp2	194	offset	
0211	worksofwilliamsh0000shak_y3h8_0211.jp2	195	offset	
0212	worksofwilliamsh0000shak_y3h8_0212.jp2	196	offset	
0213	worksofwilliamsh0000shak_y3h8_0213.jp2	197	offset	
0214	worksofwilliamsh0000shak_y3h8_0214.jp2	198	offset	
0215	worksofwilliamsh0000shak_y3h8_0215.jp2	199	offset	
0216	worksofwilliamsh0000shak_y3h8_0216.jp2	200	offset	
0217	worksofwilliamsh0000shak_y3h8_0217.jp2	201	offset	
0218	worksofwilliamsh0000shak_y3h8_0218.jp2	202	offset	
0219	worksofwilliamsh0000shak_y3h8_0219.jp2	203	offset	
0220	worksofwilliamsh0000shak_y3h8_0220.jp2	204	offset	
0221	worksofwilliamsh0000shak_y3h8_0221.jp2	205	offset	
0222	worksofwilliamsh0000shak_y3h8_0222.jp2	206	offset	
0223	worksofwilliamsh0000shak_y3h8_0223.jp2	207	offset	
0224	worksofwilliamsh0000shak_y3h8_0224.jp2	208	offset	
0225	worksofwilliamsh0000shak_y3h8_0225.jp2	209	offset	
0226	worksofwilliamsh0000shak_y3h8_0226.jp2	210	offset	
0227	worksofwilliamsh0000shak_y3h8_0227.jp2	211	offset	
0228	worksofwilliamsh0000shak_y3h8_0228.jp2	212	offset	
0229	worksofwilliamsh0000shak_y3h8_0229.jp2	213	offset	
0230	worksofwilliamsh0000shak_y3h8_0230.jp2	214	offset	
0231	worksofwilliamsh0000shak_y3h8_0231.jp2	215	offset	
0232	worksofwilliamsh0000shak_y3h8_0232.jp2	216	offset	
0233	worksofwilliamsh0000shak_y3h8_0233.jp2	217	offset	
0234	worksofwilliamsh0000shak_y3h8_0234.jp2	218	offset	
0235	worksofwilliamsh0000shak_y3h8_0235.jp2	219	offset	
0236	worksofwilliamsh0000shak_y3h8_0236.jp2	220	offset	
0237	worksofwilliamsh0000shak_y3h8_0237.jp2	221	offset	
0238	worksofwilliamsh0000shak_y3h8_0238.jp2	222	offset	
0239	worksofwilliamsh0000shak_y3h8_0239.jp2	223	offset	
0240	worksofwilliamsh0000shak_y3h8_0240.jp2	224	offset	
0241	worksofwilliamsh0000shak_y3h8_0241.jp2	225	offset	
0242	worksofwilliamsh0000shak_y3h8_0242.jp2	226	offset	
0243	worksofwilliamsh0000shak_y3h8_0243.jp2	227	offset	
0244	worksofwilliamsh0000shak_y3h8_0244.jp2	228	offset	
0245	worksofwilliamsh0000shak_y3h8_0245.jp2	229	offset	
0246	worksofwilliamsh0000shak_y3h8_0246.jp2	230	offset	
0247	worksofwilliamsh0000shak_y3h8_0247.jp2	231	offset	
0248	worksofwilliamsh0000shak_y3h8_0248.jp2	232	offset	
0249	worksofwilliamsh0000shak_y3h8_0249.jp2	233	offset	
0250	worksofwilliamsh0000shak_y3h8_0250.jp2	234	offset	
0251	worksofwilliamsh0000shak_y3h8_0251.jp2	235	offset	
0252	worksofwilliamsh0000shak_y3h8_0252.jp2	236	offset	
0253	worksofwilliamsh0000shak_y3h8_0253.jp2	237	offset	
0254	worksofwilliamsh0000shak_y3h8_0254.jp2	238	offset	
0255	worksofwilliamsh0000shak_y3h8_0255.jp2	239	offset	
0256	worksofwilliamsh0000shak_y3h8_0256.jp2	240	offset	
0257	worksofwilliamsh0000shak_y3h8_0257.jp2	241	offset	
0258	worksofwilliamsh0000shak_y3h8_0258.jp2	242	offset	
0259	worksofwilliamsh0000shak_y3h8_0259.jp2	243	offset	
0260	worksofwilliamsh0000shak_y3h8_0260.jp2	244	offset	
0261	worksofwilliamsh0000shak_y3h8_0261.jp2	245	offset	
0262	worksofwilliamsh0000shak_y3h8_0262.jp2	246	offset	
0263	worksofwilliamsh0000shak_y3h8_0263.jp2	247	offset	
0264	worksofwilliamsh0000shak_y3h8_0264.jp2	248	offset	
0265	worksofwilliamsh0000shak_y3h8_0265.jp2	249	offset	
0266	worksofwilliamsh0000shak_y3h8_0266.jp2	250	offset	
0267	worksofwilliamsh0000shak_y3h8_0267.jp2	251	offset	
0268	worksofwilliamsh0000shak_y3h8_0268.jp2	252	offset	
0269	worksofwilliamsh0000shak_y3h8_0269.jp2	253	offset	
0270	worksofwilliamsh0000shak_y3h8_0270.jp2	254	offset	
0271	worksofwilliamsh0000shak_y3h8_0271.jp2	255	offset	
0272	worksofwilliamsh0000shak_y3h8_0272.jp2	256	offset	
0273	worksofwilliamsh0000shak_y3h8_0273.jp2	257	offset	
0274	worksofwilliamsh0000shak_y3h8_0274.jp2	258	offset	
0275	worksofwilliamsh0000shak_y3h8_0275.jp2	259	offset	
0276	worksofwilliamsh0000shak_y3h8_0276.jp2	260	offset	
0277	worksofwilliamsh0000shak_y3h8_0277.jp2	261	offset	
0278	worksofwilliamsh0000shak_y3h8_0278.jp2	262	offset	
0279	worksofwilliamsh0000shak_y3h8_0279.jp2	263	offset	
0280	worksofwilliamsh0000shak_y3h8_0280.jp2	264	offset	
0281	worksofwilliamsh0000shak_y3h8_0281.jp2	265	offset	
0282	worksofwilliamsh0000shak_y3h8_0282.jp2	266	offset	
0283	worksofwilliamsh0000shak_y3h8_0283.jp2	267	offset	
0284	worksofwilliamsh0000shak_y3h8_0284.jp2	268	offset	
0285	worksofwilliamsh0000shak_y3h8_0285.jp2	269	offset	
0286	worksofwilliamsh0000shak_y3h8_0286.jp2	270	offset	
0287	worksofwilliamsh0000shak_y3h8_0287.jp2	271	offset	
0288	worksofwilliamsh0000shak_y3h8_0288.jp2	272	offset	
0289	worksofwilliamsh0000shak_y3h8_0289.jp2	273	offset	
0290	worksofwilliamsh0000shak_y3h8_0290.jp2	274	offset	
0291	worksofwilliamsh0000shak_y3h8_0291.jp2	275	offset	
0292	worksofwilliamsh0000shak_y3h8_0292.jp2	276	offset	
0293	worksofwilliamsh0000shak_y3h8_0293.jp2	277	offset	
0294	worksofwilliamsh0000shak_y3h8_0294.jp2	278	offset	
0295	worksofwilliamsh0000shak_y3h8_0295.jp2	279	offset	
0296	worksofwilliamsh0000shak_y3h8_0296.jp2	280	offset	
0297	worksofwilliamsh0000shak_y3h8_0297.jp2	281	offset	
0298	worksofwilliamsh0000shak_y3h8_0298.jp2	282	offset	
0299	worksofwilliamsh0000shak_y3h8_0299.jp2	283	offset	
0300	worksofwilliamsh0000shak_y3h8_0300.jp2	284	offset	
0301	worksofwilliamsh0000shak_y3h8_0301.jp2	285	offset	
0302	worksofwilliamsh0000shak_y3h8_0302.jp2	286	offset	
0303	worksofwilliamsh0000shak_y3h8_0303.jp2	287	offset	
0304	worksofwilliamsh0000shak_y3h8_0304.jp2	288	offset	
0305	worksofwilliamsh0000shak_y3h8_0305.jp2	289	offset	
0306	worksofwilliamsh0000shak_y3h8_0306.jp2	290	offset	
0307	worksofwilliamsh0000shak_y3h8_0307.jp2	291	offset	
0308	worksofwilliamsh0000shak_y3h8_0308.jp2	292	offset	
0309	worksofwilliamsh0000shak_y3h8_0309.jp2	293	offset	
0310	worksofwilliamsh0000shak_y3h8_0310.jp2	294	offset	
0311	worksofwilliamsh0000shak_y3h8_0311.jp2	295	offset	
0312	worksofwilliamsh0000shak_y3h8_0312.jp2	296	offset	
0313	worksofwilliamsh0000shak_y3h8_0313.jp2	297	offset	
0314	worksofwilliamsh0000shak_y3h8_0314.jp2	298	offset	
0315	worksofwilliamsh0000shak_y3h8_0315.jp2	299	offset	
0316	worksofwilliamsh0000shak_y3h8_0316.jp2	300	offset	
0317	worksofwilliamsh0000shak_y3h8_0317.jp2	301	offset	
0318	worksofwilliamsh0000shak_y3h8_0318.jp2	302	offset	
0319	worksofwilliamsh0000shak_y3h8_0319.jp2	303	offset	
0320	worksofwilliamsh0000shak_y3h8_0320.jp2	304	offset	
0321	worksofwilliamsh0000shak_y3h8_0321.jp2	305	offset	
0322	worksofwilliamsh0000shak_y3h8_0322.jp2	306	offset	
0323	worksofwilliamsh0000shak_y3h8_0323.jp2	307	offset	
0324	worksofwilliamsh0000shak_y3h8_0324.jp2	308	offset	
0325	worksofwilliamsh0000shak_y3h8_0325.jp2	309	offset	
0326	worksofwilliamsh0000shak_y3h8_0326.jp2	310	offset	
0327	worksofwilliamsh0000shak_y3h8_0327.jp2	311	offset	
0328	worksofwilliamsh0000shak_y3h8_0328.jp2	312	offset	
0329	worksofwilliamsh0000shak_y3h8_0329.jp2	313	offset	
0330	worksofwilliamsh0000shak_y3h8_0330.jp2	314	offset	
0331	worksofwilliamsh0000shak_y3h8_0331.jp2	315	offset	
0332	worksofwilliamsh0000shak_y3h8_0332.jp2	316	offset	
0333	worksofwilliamsh0000shak_y3h8_0333.jp2	317	offset	
0334	worksofwilliamsh0000shak_y3h8_0334.jp2	318	offset	
0335	worksofwilliamsh0000shak_y3h8_0335.jp2	319	offset	
0336	worksofwilliamsh0000shak_y3h8_0336.jp2	320	offset	
0337	worksofwilliamsh0000shak_y3h8_0337.jp2	321	offset	
0338	worksofwilliamsh0000shak_y3h8_0338.jp2	322	offset	
0339	worksofwilliamsh0000shak_y3h8_0339.jp2	323	offset	
0340	worksofwilliamsh0000shak_y3h8_0340.jp2	324	offset	
0341	worksofwilliamsh0000shak_y3h8_0341.jp2	325	offset	
0342	worksofwilliamsh0000shak_y3h8_0342.jp2	326	offset	
0343	worksofwilliamsh0000shak_y3h8_0343.jp2	327	offset	
0344	worksofwilliamsh0000shak_y3h8_0344.jp2	328	offset	
0345	worksofwilliamsh0000shak_y3h8_0345.jp2	329	offset	
0346	worksofwilliamsh0000shak_y3h8_0346.jp2	330	offset	
0347	worksofwilliamsh0000shak_y3h8_0347.jp2	331	offset	
0348	worksofwilliamsh0000shak_y3h8_0348.jp2	332	offset	
0349	worksofwilliamsh0000shak_y3h8_0349.jp2	333	offset	
0350	worksofwilliamsh0000shak_y3h8_0350.jp2	334	offset	
0351	worksofwilliamsh0000shak_y3h8_0351.jp2	335	offset	
0352	worksofwilliamsh0000shak_y3h8_0352.jp2	336	offset	
0353	worksofwilliamsh0000shak_y3h8_0353.jp2	337	offset	
0354	worksofwilliamsh0000shak_y3h8_0354.jp2	338	offset	
0355	worksofwilliamsh0000shak_y3h8_0355.jp2	339	offset	
0356	worksofwilliamsh0000shak_y3h8_0356.jp2	340	offset	
0357	worksofwilliamsh0000shak_y3h8_0357.jp2	341	offset	
0358	worksofwilliamsh0000shak_y3h8_0358.jp2	342	offset	
0359	worksofwilliamsh0000shak_y3h8_0359.jp2	343	offset	
0360	worksofwilliamsh0000shak_y3h8_0360.jp2	344	offset	
0361	worksofwilliamsh0000shak_y3h8_0361.jp2	345	offset	
0362	worksofwilliamsh0000shak_y3h8_0362.jp2	346	offset	
0363	worksofwilliamsh0000shak_y3h8_0363.jp2	347	offset	
0364	worksofwilliamsh0000shak_y3h8_0364.jp2	348	offset	
0365	worksofwilliamsh0000shak_y3h8_0365.jp2	349	offset	
0366	worksofwilliamsh0000shak_y3h8_0366.jp2	350	offset	
0367	worksofwilliamsh0000shak_y3h8_0367.jp2	351	offset	
0368	worksofwilliamsh0000shak_y3h8_0368.jp2	352	offset	
0369	worksofwilliamsh0000shak_y3h8_0369.jp2	353	offset	
0370	worksofwilliamsh0000shak_y3h8_0370.jp2	354	offset	
0371	worksofwilliamsh0000shak_y3h8_0371.jp2	355	offset	
0372	worksofwilliamsh0000shak_y3h8_0372.jp2	356	offset	
0373	worksofwilliamsh0000shak_y3h8_0373.jp2	357	offset	
0374	worksofwilliamsh0000shak_y3h8_0374.jp2	358	offset	
0375	worksofwilliamsh0000shak_y3h8_0375.jp2	359	offset	
0376	worksofwilliamsh0000shak_y3h8_0376.jp2	360	offset	
0377	worksofwilliamsh0000shak_y3h8_0377.jp2	361	offset	
0378	worksofwilliamsh0000shak_y3h8_0378.jp2	362	offset	
0379	worksofwilliamsh0000shak_y3h8_0379.jp2	363	offset	
0380	worksofwilliamsh0000shak_y3h8_0380.jp2	364	offset	
0381	worksofwilliamsh0000shak_y3h8_0381.jp2	365	offset	
0382	worksofwilliamsh0000shak_y3h8_0382.jp2	366	offset	
0383	worksofwilliamsh0000shak_y3h8_0383.jp2	367	offset	
0384	worksofwilliamsh0000shak_y3h8_0384.jp2	368	offset	
0385	worksofwilliamsh0000shak_y3h8_0385.jp2	369	offset	
0386	worksofwilliamsh0000shak_y3h8_0386.jp2	370	offset	
0387	worksofwilliamsh0000shak_y3h8_0387.jp2	371	offset	
0388	worksofwilliamsh0000shak_y3h8_0388.jp2	372	offset	
0389	worksofwilliamsh0000shak_y3h8_0389.jp2	373	offset	
0390	worksofwilliamsh0000shak_y3h8_0390.jp2	374	offset	
0391	worksofwilliamsh0000shak_y3h8_0391.jp2	375	offset	
0392	worksofwilliamsh0000shak_y3h8_0392.jp2	376	offset	
0393	worksofwilliamsh0000shak_y3h8_0393.jp2	377	offset	
0394	worksofwilliamsh0000shak_y3h8_0394.jp2	378	offset	
0395	worksofwilliamsh0000shak_y3h8_0395.jp2	379	offset	
0396	worksofwilliamsh0000shak_y3h8_0396.jp2	380	offset	
0397	worksofwilliamsh0000shak_y3h8_0397.jp2	381	offset	
0398	worksofwilliamsh0000shak_y3h8_0398.jp2	382	offset	
0399	worksofwilliamsh0000shak_y3h8_0399.jp2	383	offset	
0400	worksofwilliamsh0000shak_y3h8_0400.jp2	384	offset	
0401	worksofwilliamsh0000shak_y3h8_0401.jp2	385	offset	
0402	worksofwilliamsh0000shak_y3h8_0402.jp2	386	offset	
0403	worksofwilliamsh0000shak_y3h8_0403.jp2	387	offset	
0404	worksofwilliamsh0000shak_y3h8_0404.jp2	388	offset	
0405	worksofwilliamsh0000shak_y3h8_0405.jp2	389	offset	
0406	worksofwilliamsh0000shak_y3h8_0406.jp2	390	offset	
0407	worksofwilliamsh0000shak_y3h8_0407.jp2	391	offset	
0408	worksofwilliamsh0000shak_y3h8_0408.jp2	392	offset	
0409	worksofwilliamsh0000shak_y3h8_0409.jp2	393	offset	
0410	worksofwilliamsh0000shak_y3h8_0410.jp2	394	offset	
0411	worksofwilliamsh0000shak_y3h8_0411.jp2	395	offset	
0412	worksofwilliamsh0000shak_y3h8_0412.jp2	396	offset	
0413	worksofwilliamsh0000shak_y3h8_0413.jp2	397	offset	
0414	worksofwilliamsh0000shak_y3h8_0414.jp2	398	offset	
0415	worksofwilliamsh0000shak_y3h8_0415.jp2	399	offset	
0416	worksofwilliamsh0000shak_y3h8_0416.jp2	400	offset	
0417	worksofwilliamsh0000shak_y3h8_0417.jp2	401	offset	
0418	worksofwilliamsh0000shak_y3h8_0418.jp2	402	offset	
0419	worksofwilliamsh0000shak_y3h8_0419.jp2	403	offset	
0420	worksofwilliamsh0000shak_y3h8_0420.jp2	404	offset	
0421	worksofwilliamsh0000shak_y3h8_0421.jp2	405	offset	
0422	worksofwilliamsh0000shak_y3h8_0422.jp2	406	offset	
0423	worksofwilliamsh0000shak_y3h8_0423.jp2	407	offset	
0424	worksofwilliamsh0000shak_y3h8_0424.jp2	408	offset	
0425	worksofwilliamsh0000shak_y3h8_0425.jp2	409	offset	
0426	worksofwilliamsh0000shak_y3h8_0426.jp2	410	offset	
0427	worksofwilliamsh0000shak_y3h8_0427.jp2	411	offset	
0428	worksofwilliamsh0000shak_y3h8_0428.jp2	412	offset	
0429	worksofwilliamsh0000shak_y3h8_0429.jp2	413	offset	
0430	worksofwilliamsh0000shak_y3h8_0430.jp2	414	offset	
0431	worksofwilliamsh0000shak_y3h8_0431.jp2	415	offset	
0432	worksofwilliamsh0000shak_y3h8_0432.jp2	416	offset	
0433	worksofwilliamsh0000shak_y3h8_0433.jp2	417	offset	
0434	worksofwilliamsh0000shak_y3h8_0434.jp2	418	offset	
0435	worksofwilliamsh0000shak_y3h8_0435.jp2	419	offset	
0436	worksofwilliamsh0000shak_y3h8_0436.jp2	420	offset	
0437	worksofwilliamsh0000shak_y3h8_0437.jp2	421	offset	
0438	worksofwilliamsh0000shak_y3h8_0438.jp2	422	offset	
0439	worksofwilliamsh0000shak_y3h8_0439.jp2	423	offset	
0440	worksofwilliamsh0000shak_y3h8_0440.jp2	424	offset	
0441	worksofwilliamsh0000shak_y3h8_0441.jp2	425	offset	
0442	worksofwilliamsh0000shak_y3h8_0442.jp2	426	offset	
0443	worksofwilliamsh0000shak_y3h8_0443.jp2	427	offset	
0444	worksofwilliamsh0000shak_y3h8_0444.jp2	428	offset	
0445	worksofwilliamsh0000shak_y3h8_0445.jp2	429	offset	
0446	worksofwilliamsh0000shak_y3h8_0446.jp2	430	offset	
0447	worksofwilliamsh0000shak_y3h8_0447.jp2	431	offset	
0448	worksofwilliamsh0000shak_y3h8_0448.jp2	432	offset	
0449	worksofwilliamsh0000shak_y3h8_0449.jp2	433	offset	
0450	worksofwilliamsh0000shak_y3h8_0450.jp2	434	offset	
0451	worksofwilliamsh0000shak_y3h8_0451.jp2	435	offset	
0452	worksofwilliamsh0000shak_y3h8_0452.jp2	436	offset	
0453	worksofwilliamsh0000shak_y3h8_0453.jp2	437	offset	
0454	worksofwilliamsh0000shak_y3h8_0454.jp2	438	offset	
0455	worksofwilliamsh0000shak_y3h8_0455.jp2	439	offset	
0456	worksofwilliamsh0000shak_y3h8_0456.jp2	440	offset	
0457	worksofwilliamsh0000shak_y3h8_0457.jp2	441	offset	
0458	worksofwilliamsh0000shak_y3h8_0458.jp2	442	offset	
0459	worksofwilliamsh0000shak_y3h8_0459.jp2	443	offset	
0460	worksofwilliamsh0000shak_y3h8_0460.jp2	444	offset	
0461	worksofwilliamsh0000shak_y3h8_0461.jp2	445	offset	
0462	worksofwilliamsh0000shak_y3h8_0462.jp2	446	offset	
0463	worksofwilliamsh0000shak_y3h8_0463.jp2	447	offset	
0464	worksofwilliamsh0000shak_y3h8_0464.jp2	448	offset	
0465	worksofwilliamsh0000shak_y3h8_0465.jp2	449	offset	
0466	worksofwilliamsh0000shak_y3h8_0466.jp2	450	offset	
0467	worksofwilliamsh0000shak_y3h8_0467.jp2	451	offset	
0468	worksofwilliamsh0000shak_y3h8_0468.jp2	452	offset	
0469	worksofwilliamsh0000shak_y3h8_0469.jp2	453	offset	
0470	worksofwilliamsh0000shak_y3h8_0470.jp2	454	offset	
0471	worksofwilliamsh0000shak_y3h8_0471.jp2	455	offset	
0472	worksofwilliamsh0000shak_y3h8_0472.jp2	456	offset	
0473	worksofwilliamsh0000shak_y3h8_0473.jp2	457	offset	
0474	worksofwilliamsh0000shak_y3h8_0474.jp2	458	offset	
0475	worksofwilliamsh0000shak_y3h8_0475.jp2	459	offset	
0476	worksofwilliamsh0000shak_y3h8_0476.jp2	460	offset	
0477	worksofwilliamsh0000shak_y3h8_0477.jp2	461	offset	
0478	worksofwilliamsh0000shak_y3h8_0478.jp2	462	offset	
0479	worksofwilliamsh0000shak_y3h8_0479.jp2	463	offset	
0480	worksofwilliamsh0000shak_y3h8_0480.jp2	464	offset	
0481	worksofwilliamsh0000shak_y3h8_0481.jp2	465	offset	
0482	worksofwilliamsh0000shak_y3h8_0482.jp2	466	offset	
0483	worksofwilliamsh0000shak_y3h8_0483.jp2	467	offset	
0484	worksofwilliamsh0000shak_y3h8_0484.jp2	468	offset	
0485	worksofwilliamsh0000shak_y3h8_0485.jp2	469	offset	
0486	worksofwilliamsh0000shak_y3h8_0486.jp2	470	offset	
0487	worksofwilliamsh0000shak_y3h8_0487.jp2	471	offset	
0488	worksofwilliamsh0000shak_y3h8_0488.jp2	472	offset	
0489	worksofwilliamsh0000shak_y3h8_0489.jp2	473	offset	
0490	worksofwilliamsh0000shak_y3h8_0490.jp2	474	offset	
0491	worksofwilliamsh0000shak_y3h8_0491.jp2	475	offset	
0492	worksofwilliamsh0000shak_y3h8_0492.jp2	476	offset	
0493	worksofwilliamsh0000shak_y3h8_0493.jp2	477	offset	
0494	worksofwilliamsh0000shak_y3h8_0494.jp2	478	offset	
0495	worksofwilliamsh0000shak_y3h8_0495.jp2	479	offset	
0496	worksofwilliamsh0000shak_y3h8_0496.jp2	480	offset	
0497	worksofwilliamsh0000shak_y3h8_0497.jp2	481	offset	
0498	worksofwilliamsh0000shak_y3h8_0498.jp2	482	offset	
0499	worksofwilliamsh0000shak_y3h8_0499.jp2	483	offset	
0500	worksofwilliamsh0000shak_y3h8_0500.jp2	484	offset	
0501	worksofwilliamsh0000shak_y3h8_0501.jp2	485	offset	
0502	worksofwilliamsh0000shak_y3h8_0502.jp2	486	offset	
0503	worksofwilliamsh0000shak_y3h8_0503.jp2	487	offset	
0504	worksofwilliamsh0000shak_y3h8_0504.jp2	488	offset	
0505	worksofwilliamsh0000shak_y3h8_0505.jp2	489	offset	
0506	worksofwilliamsh0000shak_y3h8_0506.jp2	490	offset	
0507	worksofwilliamsh0000shak_y3h8_0507.jp2	491	offset	
0508	worksofwilliamsh0000shak_y3h8_0508.jp2	492	offset	
0509	worksofwilliamsh0000shak_y3h8_0509.jp2	493	offset	
0510	worksofwilliamsh0000shak_y3h8_0510.jp2	494	offset	
0511	worksofwilliamsh0000shak_y3h8_0511.jp2	495	offset	
0512	worksofwilliamsh0000shak_y3h8_0512.jp2	496	offset	
0513	worksofwilliamsh0000shak_y3h8_0513.jp2	497	offset	
0514	worksofwilliamsh0000shak_y3h8_0514.jp2	498	offset	
0515	worksofwilliamsh0000shak_y3h8_0515.jp2	499	offset	
0516	worksofwilliamsh0000shak_y3h8_0516.jp2	500	offset	
0517	worksofwilliamsh0000shak_y3h8_0517.jp2	501	offset	
0518	worksofwilliamsh0000shak_y3h8_0518.jp2	502	offset	
0519	worksofwilliamsh0000shak_y3h8_0519.jp2	503	offset	
0520	worksofwilliamsh0000shak_y3h8_0520.jp2	504	offset	
0521	worksofwilliamsh0000shak_y3h8_0521.jp2	505	offset	
0522	worksofwilliamsh0000shak_y3h8_0522.jp2	506	offset	
0523	worksofwilliamsh0000shak_y3h8_0523.jp2	507	offset	
0524	worksofwilliamsh0000shak_y3h8_0524.jp2	508	offset	
0525	worksofwilliamsh0000shak_y3h8_0525.jp2	509	offset	
0526	worksofwilliamsh0000shak_y3h8_0526.jp2	510	offset	
0527	worksofwilliamsh0000shak_y3h8_0527.jp2	511	offset	
0528	worksofwilliamsh0000shak_y3h8_0528.jp2	512	offset	
0529	worksofwilliamsh0000shak_y3h8_0529.jp2	513	offset	
0530	worksofwilliamsh0000shak_y3h8_0530.jp2	514	offset	
0531	worksofwilliamsh0000shak_y3h8_0531.jp2	515	offset	
0532	worksofwilliamsh0000shak_y3h8_0532.jp2	516	offset	
0533	worksofwilliamsh0000shak_y3h8_0533.jp2	517	offset	
0534	worksofwilliamsh0000shak_y3h8_0534.jp2	518	offset	
0535	worksofwilliamsh0000shak_y3h8_0535.jp2	519	offset	
0536	worksofwilliamsh0000shak_y3h8_0536.jp2	520	offset	
0537	worksofwilliamsh0000shak_y3h8_0537.jp2	521	offset	
0538	worksofwilliamsh0000shak_y3h8_0538.jp2	522	offset	
0539	worksofwilliamsh0000shak_y3h8_0539.jp2	523	offset	
0540	worksofwilliamsh0000shak_y3h8_0540.jp2	524	offset	
0541	worksofwilliamsh0000shak_y3h8_0541.jp2	525	offset	
0542	worksofwilliamsh0000shak_y3h8_0542.jp2	526	offset	
0543	worksofwilliamsh0000shak_y3h8_0543.jp2	527	offset	
0544	worksofwilliamsh0000shak_y3h8_0544.jp2	528	offset	
0545	worksofwilliamsh0000shak_y3h8_0545.jp2	529	offset	
0546	worksofwilliamsh0000shak_y3h8_0546.jp2	530	offset	
0547	worksofwilliamsh0000shak_y3h8_0547.jp2	531	offset	
0548	worksofwilliamsh0000shak_y3h8_0548.jp2	532	offset	
0549	worksofwilliamsh0000shak_y3h8_0549.jp2	533	offset	
0550	worksofwilliamsh0000shak_y3h8_0550.jp2	534	offset	
0551	worksofwilliamsh0000shak_y3h8_0551.jp2	535	offset	
0552	worksofwilliamsh0000shak_y3h8_0552.jp2	536	offset	
0553	worksofwilliamsh0000shak_y3h8_0553.jp2	537	offset	
0554	worksofwilliamsh0000shak_y3h8_0554.jp2	538	offset	
0555	worksofwilliamsh0000shak_y3h8_0555.jp2	539	offset	
0556	worksofwilliamsh0000shak_y3h8_0556.jp2	540	offset	
0557	worksofwilliamsh0000shak_y3h8_0557.jp2	541	offset	
0558	worksofwilliamsh0000shak_y3h8_0558.jp2	542	offset	
0559	worksofwilliamsh0000shak_y3h8_0559.jp2	543	offset	
0560	worksofwilliamsh0000shak_y3h8_0560.jp2	544	offset	
0561	worksofwilliamsh0000shak_y3h8_0561.jp2	545	offset	
0562	worksofwilliamsh0000shak_y3h8_0562.jp2	546	offset	
0563	worksofwilliamsh0000shak_y3h8_0563.jp2	547	offset	
0564	worksofwilliamsh0000shak_y3h8_0564.jp2	548	offset	
0565	worksofwilliamsh0000shak_y3h8_0565.jp2	549	offset	
0566	worksofwilliamsh0000shak_y3h8_0566.jp2	550	offset	
0567	worksofwilliamsh0000shak_y3h8_0567.jp2	551	offset	
0568	worksofwilliamsh0000shak_y3h8_0568.jp2	552	offset	
0569	worksofwilliamsh0000shak_y3h8_0569.jp2	553	offset	
0570	worksofwilliamsh0000shak_y3h8_0570.jp2	554	offset	
0571	worksofwilliamsh0000shak_y3h8_0571.jp2	555	offset	
0572	worksofwilliamsh0000shak_y3h8_0572.jp2	556	offset	
0573	worksofwilliamsh0000shak_y3h8_0573.jp2	557	offset	
0574	worksofwilliamsh0000shak_y3h8_0574.jp2	558	offset	
0575	worksofwilliamsh0000shak_y3h8_0575.jp2	559	offset	
0576	worksofwilliamsh0000shak_y3h8_0576.jp2	560	offset	
0577	worksofwilliamsh0000shak_y3h8_0577.jp2	561	offset	
0578	worksofwilliamsh0000shak_y3h8_0578.jp2	562	offset	
0579	worksofwilliamsh0000shak_y3h8_0579.jp2	563	offset	
0580	worksofwilliamsh0000shak_y3h8_0580.jp2	564	offset	
0581	worksofwilliamsh0000shak_y3h8_0581.jp2	565	offset	
0582	worksofwilliamsh0000shak_y3h8_0582.jp2	566	offset	
0583	worksofwilliamsh0000shak_y3h8_0583.jp2	567	offset	
0584	worksofwilliamsh0000shak_y3h8_0584.jp2	568	offset	
0585	worksofwilliamsh0000shak_y3h8_0585.jp2	569	offset	
0586	worksofwilliamsh0000shak_y3h8_0586.jp2	570	offset	
0587	worksofwilliamsh0000shak_y3h8_0587.jp2	571	offset	
0588	worksofwilliamsh0000shak_y3h8_0588.jp2	572	offset	
0589	worksofwilliamsh0000shak_y3h8_0589.jp2	573	offset	
0590	worksofwilliamsh0000shak_y3h8_0590.jp2	574	offset	
0591	worksofwilliamsh0000shak_y3h8_0591.jp2	575	offset	
0592	worksofwilliamsh0000shak_y3h8_0592.jp2	576	offset	
0593	worksofwilliamsh0000shak_y3h8_0593.jp2	577	offset	
0594	worksofwilliamsh0000shak_y3h8_0594.jp2	578	offset	
0595	worksofwilliamsh0000shak_y3h8_0595.jp2	579	offset	
0596	worksofwilliamsh0000shak_y3h8_0596.jp2	580	offset	
0597	worksofwilliamsh0000shak_y3h8_0597.jp2	581	offset	
0598	worksofwilliamsh0000shak_y3h8_0598.jp2	582	offset	
0599	worksofwilliamsh0000shak_y3h8_0599.jp2	583	offset	
0600	worksofwilliamsh0000shak_y3h8_0600.jp2	584	offset	
0601	worksofwilliamsh0000shak_y3h8_0601.jp2	585	offset	
0602	worksofwilliamsh0000shak_y3h8_0602.jp2	586	offset	
0603	worksofwilliamsh0000shak_y3h8_0603.jp2	587	offset	
0604	worksofwilliamsh0000shak_y3h8_0604.jp2	588	offset	
0605	worksofwilliamsh0000shak_y3h8_0605.jp2	589	offset	
0606	worksofwilliamsh0000shak_y3h8_0606.jp2	590	offset	
0607	worksofwilliamsh0000shak_y3h8_0607.jp2	591	offset	
0608	worksofwilliamsh0000shak_y3h8_0608.jp2	592	offset	
0609	worksofwilliamsh0000shak_y3h8_0609.jp2	593	offset	
0610	worksofwilliamsh0000shak_y3h8_0610.jp2	594	offset	
0611	worksofwilliamsh0000shak_y3h8_0611.jp2	595	offset	
0612	worksofwilliamsh0000shak_y3h8_0612.jp2	596	offset	
0613	worksofwilliamsh0000shak_y3h8_0613.jp2	597	offset	
0614	worksofwilliamsh0000shak_y3h8_0614.jp2	598	offset	
0615	worksofwilliamsh0000shak_y3h8_0615.jp2	599	offset	
0616	worksofwilliamsh0000shak_y3h8_0616.jp2	600	offset	
0617	worksofwilliamsh0000shak_y3h8_0617.jp2	601	offset	
0618	worksofwilliamsh0000shak_y3h8_0618.jp2	602	offset	
0619	worksofwilliamsh0000shak_y3h8_0619.jp2	603	offset	
0620	worksofwilliamsh0000shak_y3h8_0620.jp2	604	offset	
0621	worksofwilliamsh0000shak_y3h8_0621.jp2	605	offset	
0622	worksofwilliamsh0000shak_y3h8_0622.jp2	606	offset	
0623	worksofwilliamsh0000shak_y3h8_0623.jp2	607	offset	
0624	worksofwilliamsh0000shak_y3h8_0624.jp2	608	offset	
0625	worksofwilliamsh0000shak_y3h8_0625.jp2	609	offset	
0626	worksofwilliamsh0000shak_y3h8_0626.jp2	610	offset	
0627	worksofwilliamsh0000shak_y3h8_0627.jp2	611	offset	
0628	worksofwilliamsh0000shak_y3h8_0628.jp2	612	offset	
0629	worksofwilliamsh0000shak_y3h8_0629.jp2	613	offset	
0630	worksofwilliamsh0000shak_y3h8_0630.jp2	614	offset	
0631	worksofwilliamsh0000shak_y3h8_0631.jp2	615	offset	
0632	worksofwilliamsh0000shak_y3h8_0632.jp2	616	offset	
0633	worksofwilliamsh0000shak_y3h8_0633.jp2	617	offset	
0634	worksofwilliamsh0000shak_y3h8_0634.jp2	618	offset	
0635	worksofwilliamsh0000shak_y3h8_0635.jp2	619	offset	
0636	worksofwilliamsh0000shak_y3h8_0636.jp2	620	offset	
0637	worksofwilliamsh0000shak_y3h8_0637.jp2	621	offset	
0638	worksofwilliamsh0000shak_y3h8_0638.jp2	622	offset	
0639	worksofwilliamsh0000shak_y3h8_0639.jp2	623	offset	
0640	worksofwilliamsh0000shak_y3h8_0640.jp2	624	offset	
0641	worksofwilliamsh0000shak_y3h8_0641.jp2	625	offset	
0642	worksofwilliamsh0000shak_y3h8_0642.jp2	626	offset	
0643	worksofwilliamsh0000shak_y3h8_0643.jp2	627	offset	
0644	worksofwilliamsh0000shak_y3h8_0644.jp2	628	offset	
0645	worksofwilliamsh0000shak_y3h8_0645.jp2	629	offset	
0646	worksofwilliamsh0000shak_y3h8_0646.jp2	630	offset	
0647	worksofwilliamsh0000shak_y3h8_0647.jp2	631	offset	
0648	worksofwilliamsh0000shak_y3h8_0648.jp2	632	offset	
0649	worksofwilliamsh0000shak_y3h8_0649.jp2	633	offset	
0650	worksofwilliamsh0000shak_y3h8_0650.jp2	634	offset	
0651	worksofwilliamsh0000shak_y3h8_0651.jp2	635	offset	
0652	worksofwilliamsh0000shak_y3h8_0652.jp2	636	offset	
0653	worksofwilliamsh0000shak_y3h8_0653.jp2	637	offset	
0654	worksofwilliamsh0000shak_y3h8_0654.jp2	638	offset	
0655	worksofwilliamsh0000shak_y3h8_0655.jp2	639	offset	
0656	worksofwilliamsh0000shak_y3h8_0656.jp2	640	offset	
0657	worksofwilliamsh0000shak_y3h8_0657.jp2	641	offset	
0658	worksofwilliamsh0000shak_y3h8_0658.jp2	642	offset	
0659	worksofwilliamsh0000shak_y3h8_0659.jp2	643	offset	
0660	worksofwilliamsh0000shak_y3h8_0660.jp2	644	offset	
0661	worksofwilliamsh0000shak_y3h8_0661.jp2	645	offset	
0662	worksofwilliamsh0000shak_y3h8_0662.jp2	646	offset	
0663	worksofwilliamsh0000shak_y3h8_0663.jp2	647	offset	
0664	worksofwilliamsh0000shak_y3h8_0664.jp2	648	offset	
0665	worksofwilliamsh0000shak_y3h8_0665.jp2	649	offset	
0666	worksofwilliamsh0000shak_y3h8_0666.jp2	650	offset	
0667	worksofwilliamsh0000shak_y3h8_0667.jp2	651	offset	
0668	worksofwilliamsh0000shak_y3h8_0668.jp2	652	offset	
0669	worksofwilliamsh0000shak_y3h8_0669.jp2	653	offset	
0670	worksofwilliamsh0000shak_y3h8_0670.jp2	654	offset	
0671	worksofwilliamsh0000shak_y3h8_0671.jp2	655	offset	
0672	worksofwilliamsh0000shak_y3h8_0672.jp2	656	offset	
0673	worksofwilliamsh0000shak_y3h8_0673.jp2	657	offset	
0674	worksofwilliamsh0000shak_y3h8_0674.jp2	658	offset	
0675	worksofwilliamsh0000shak_y3h8_0675.jp2	659	offset	
0676	worksofwilliamsh0000shak_y3h8_0676.jp2	660	offset	
0677	worksofwilliamsh0000shak_y3h8_0677.jp2	661	offset	
0678	worksofwilliamsh0000shak_y3h8_0678.jp2	662	offset	
0679	worksofwilliamsh0000shak_y3h8_0679.jp2	663	offset	
0680	worksofwilliamsh0000shak_y3h8_0680.jp2	664	offset	
0681	worksofwilliamsh0000shak_y3h8_0681.jp2	665	offset	
0682	worksofwilliamsh0000shak_y3h8_0682.jp2	666	offset	
0683	worksofwilliamsh0000shak_y3h8_0683.jp2	667	offset	
0684	worksofwilliamsh0000shak_y3h8_0684.jp2	668	offset	
0685	worksofwilliamsh0000shak_y3h8_0685.jp2	669	offset	
0686	worksofwilliamsh0000shak_y3h8_0686.jp2	670	offset	
0687	worksofwilliamsh0000shak_y3h8_0687.jp2	671	offset	
0688	worksofwilliamsh0000shak_y3h8_0688.jp2	672	offset	
0689	worksofwilliamsh0000shak_y3h8_0689.jp2	673	offset	
0690	worksofwilliamsh0000shak_y3h8_0690.jp2	674	offset	
0691	worksofwilliamsh0000shak_y3h8_0691.jp2	675	offset	
0692	worksofwilliamsh0000shak_y3h8_0692.jp2	676	offset	
0693	worksofwilliamsh0000shak_y3h8_0693.jp2	677	offset	
0694	worksofwilliamsh0000shak_y3h8_0694.jp2	678	offset	
0695	worksofwilliamsh0000shak_y3h8_0695.jp2	679	offset	
0696	worksofwilliamsh0000shak_y3h8_0696.jp2	680	offset	
0697	worksofwilliamsh0000shak_y3h8_0697.jp2	681	offset	
0698	worksofwilliamsh0000shak_y3h8_0698.jp2	682	offset	
0699	worksofwilliamsh0000shak_y3h8_0699.jp2	683	offset	
0700	worksofwilliamsh0000shak_y3h8_0700.jp2	684	offset	
0701	worksofwilliamsh0000shak_y3h8_0701.jp2	685	offset	
0702	worksofwilliamsh0000shak_y3h8_0702.jp2	686	offset	
0703	worksofwilliamsh0000shak_y3h8_0703.jp2	687	offset	
0704	worksofwilliamsh0000shak_y3h8_0704.jp2	688	offset	
0705	worksofwilliamsh0000shak_y3h8_0705.jp2	689	offset	
0706	worksofwilliamsh0000shak_y3h8_0706.jp2	690	offset	
0707	worksofwilliamsh0000shak_y3h8_0707.jp2	691	offset	
0708	worksofwilliamsh0000shak_y3h8_0708.jp2	692	offset	
0709	worksofwilliamsh0000shak_y3h8_0709.jp2	693	offset	
0710	worksofwilliamsh0000shak_y3h8_0710.jp2	694	offset	
0711	worksofwilliamsh0000shak_y3h8_0711.jp2	695	offset	
0712	worksofwilliamsh0000shak_y3h8_0712.jp2	696	offset	
0713	worksofwilliamsh0000shak_y3h8_0713.jp2	697	offset	
0714	worksofwilliamsh0000shak_y3h8_0714.jp2	698	offset	
0715	worksofwilliamsh0000shak_y3h8_0715.jp2	699	offset	
0716	worksofwilliamsh0000shak_y3h8_0716.jp2	700	offset	
0717	worksofwilliamsh0000shak_y3h8_0717.jp2	701	offset	
0718	worksofwilliamsh0000shak_y3h8_0718.jp2	702	offset	
0719	worksofwilliamsh0000shak_y3h8_0719.jp2	703	offset	
0720	worksofwilliamsh0000shak_y3h8_0720.jp2	704	offset	
0721	worksofwilliamsh0000shak_y3h8_0721.jp2	705	offset	
0722	worksofwilliamsh0000shak_y3h8_0722.jp2	706	offset	
0723	worksofwilliamsh0000shak_y3h8_0723.jp2	707	offset	
0724	worksofwilliamsh0000shak_y3h8_0724.jp2	708	offset	
0725	worksofwilliamsh0000shak_y3h8_0725.jp2	709	offset	
0726	worksofwilliamsh0000shak_y3h8_0726.jp2	710	offset	
0727	worksofwilliamsh0000shak_y3h8_0727.jp2	711	offset	
0728	worksofwilliamsh0000shak_y3h8_0728.jp2	712	offset	
0729	worksofwilliamsh0000shak_y3h8_0729.jp2	713	offset	
0730	worksofwilliamsh0000shak_y3h8_0730.jp2	714	offset	
0731	worksofwilliamsh0000shak_y3h8_0731.jp2	715	offset	
0732	worksofwilliamsh0000shak_y3h8_0732.jp2	716	offset	
0733	worksofwilliamsh0000shak_y3h8_0733.jp2	717	offset	
0734	worksofwilliamsh0000shak_y3h8_0734.jp2	718	offset	
0735	worksofwilliamsh0000shak_y3h8_0735.jp2	719	offset	
0736	worksofwilliamsh0000shak_y3h8_0736.jp2	720	offset	
0737	worksofwilliamsh0000shak_y3h8_0737.jp2	721	offset	
0738	worksofwilliamsh0000shak_y3h8_0738.jp2	722	offset	
0739	worksofwilliamsh0000shak_y3h8_0739.jp2	723	offset	
0740	worksofwilliamsh0000shak_y3h8_0740.jp2	724	offset	
0741	worksofwilliamsh0000shak_y3h8_0741.jp2	725	offset	
0742	worksofwilliamsh0000shak_y3h8_0742.jp2	726	offset	
0743	worksofwilliamsh0000shak_y3h8_0743.jp2	727	offset	
0744	worksofwilliamsh0000shak_y3h8_0744.jp2	728	offset	
0745	worksofwilliamsh0000shak_y3h8_0745.jp2	729	offset	
0746	worksofwilliamsh0000shak_y3h8_0746.jp2	730	offset	
0747	worksofwilliamsh0000shak_y3h8_0747.jp2	731	offset	
0748	worksofwilliamsh0000shak_y3h8_0748.jp2	732	offset	
0749	worksofwilliamsh0000shak_y3h8_0749.jp2	733	offset	
0750	worksofwilliamsh0000shak_y3h8_0750.jp2	734	offset	
0751	worksofwilliamsh0000shak_y3h8_0751.jp2	735	offset	
0752	worksofwilliamsh0000shak_y3h8_0752.jp2	736	offset	
0753	worksofwilliamsh0000shak_y3h8_0753.jp2	737	offset	
0754	worksofwilliamsh0000shak_y3h8_0754.jp2	738	offset	
0755	worksofwilliamsh0000shak_y3h8_0755.jp2	739	offset	
0756	worksofwilliamsh0000shak_y3h8_0756.jp2	740	offset	
0757	worksofwilliamsh0000shak_y3h8_0757.jp2	741	offset	
0758	worksofwilliamsh0000shak_y3h8_0758.jp2	742	offset	
0759	worksofwilliamsh0000shak_y3h8_0759.jp2	743	offset	
0760	worksofwilliamsh0000shak_y3h8_0760.jp2	744	offset	
0761	worksofwilliamsh0000shak_y3h8_0761.jp2	745	offset	
0762	worksofwilliamsh0000shak_y3h8_0762.jp2	746	offset	
0763	worksofwilliamsh0000shak_y3h8_0763.jp2	747	offset	
0764	worksofwilliamsh0000shak_y3h8_0764.jp2	748	offset	
0765	worksofwilliamsh0000shak_y3h8_0765.jp2	749	offset	
0766	worksofwilliamsh0000shak_y3h8_0766.jp2	750	offset	
0767	worksofwilliamsh0000shak_y3h8_0767.jp2	751	offset	
0768	worksofwilliamsh0000shak_y3h8_0768.jp2	752	offset	
0769	worksofwilliamsh0000shak_y3h8_0769.jp2	753	offset	
0770	worksofwilliamsh0000shak_y3h8_0770.jp2	754	offset	
0771	worksofwilliamsh0000shak_y3h8_0771.jp2	755	offset	
0772	worksofwilliamsh0000shak_y3h8_0772.jp2	756	offset	
0773	worksofwilliamsh0000shak_y3h8_0773.jp2	757	offset	
0774	worksofwilliamsh0000shak_y3h8_0774.jp2	758	offset	
0775	worksofwilliamsh0000shak_y3h8_0775.jp2	759	offset	
0776	worksofwilliamsh0000shak_y3h8_0776.jp2	760	offset	
0777	worksofwilliamsh0000shak_y3h8_0777.jp2	761	offset	
0778	worksofwilliamsh0000shak_y3h8_0778.jp2	762	offset	
0779	worksofwilliamsh0000shak_y3h8_0779.jp2	763	offset	
0780	worksofwilliamsh0000shak_y3h8_0780.jp2	764	offset	
0781	worksofwilliamsh0000shak_y3h8_0781.jp2	765	offset	
0782	worksofwilliamsh0000shak_y3h8_0782.jp2	766	offset	
0783	worksofwilliamsh0000shak_y3h8_0783.jp2	767	offset	
0784	worksofwilliamsh0000shak_y3h8_0784.jp2	768	offset	
0785	worksofwilliamsh0000shak_y3h8_0785.jp2	769	offset	
0786	worksofwilliamsh0000shak_y3h8_0786.jp2	770	offset	
0787	worksofwilliamsh0000shak_y3h8_0787.jp2	771	offset	
0788	worksofwilliamsh0000shak_y3h8_0788.jp2	772	offset	
0789	worksofwilliamsh0000shak_y3h8_0789.jp2	773	offset	
0790	worksofwilliamsh0000shak_y3h8_0790.jp2	774	offset	
0791	worksofwilliamsh0000shak_y3h8_0791.jp2	775	offset	
0792	worksofwilliamsh0000shak_y3h8_0792.jp2	776	offset	
0793	worksofwilliamsh0000shak_y3h8_0793.jp2	777	offset	
0794	worksofwilliamsh0000shak_y3h8_0794.jp2	778	offset	
0795	worksofwilliamsh0000shak_y3h8_0795.jp2	779	offset	
0796	worksofwilliamsh0000shak_y3h8_0796.jp2	780	offset	
0797	worksofwilliamsh0000shak_y3h8_0797.jp2	781	offset	
0798	worksofwilliamsh0000shak_y3h8_0798.jp2	782	offset	
0799	worksofwilliamsh0000shak_y3h8_0799.jp2	783	offset	
0800	worksofwilliamsh0000shak_y3h8_0800.jp2	784	offset	
0801	worksofwilliamsh0000shak_y3h8_0801.jp2	785	offset	
0802	worksofwilliamsh0000shak_y3h8_0802.jp2	786	offset	
0803	worksofwilliamsh0000shak_y3h8_0803.jp2	787	offset	
0804	worksofwilliamsh0000shak_y3h8_0804.jp2	788	offset	
0805	worksofwilliamsh0000shak_y3h8_0805.jp2	789	offset	
0806	worksofwilliamsh0000shak_y3h8_0806.jp2	790	offset	
0807	worksofwilliamsh0000shak_y3h8_0807.jp2	791	offset	
0808	worksofwilliamsh0000shak_y3h8_0808.jp2	792	offset	
0809	worksofwilliamsh0000shak_y3h8_0809.jp2	793	offset	
0810	worksofwilliamsh0000shak_y3h8_0810.jp2	794	offset	
0811	worksofwilliamsh0000shak_y3h8_0811.jp2	795	offset	
0812	worksofwilliamsh0000shak_y3h8_0812.jp2	796	offset	
0813	worksofwilliamsh0000shak_y3h8_0813.jp2	797	offset	
0814	worksofwilliamsh0000shak_y3h8_0814.jp2	798	offset	
0815	worksofwilliamsh0000shak_y3h8_0815.jp2	799	offset	
0816	worksofwilliamsh0000shak_y3h8_0816.jp2	800	offset	
0817	worksofwilliamsh0000shak_y3h8_0817.jp2	801	offset	
0818	worksofwilliamsh0000shak_y3h8_0818.jp2	802	offset	
0819	worksofwilliamsh0000shak_y3h8_0819.jp2	803	offset	
0820	worksofwilliamsh0000shak_y3h8_0820.jp2	804	offset	
0821	worksofwilliamsh0000shak_y3h8_0821.jp2	805	offset	
0822	worksofwilliamsh0000shak_y3h8_0822.jp2	806	offset	
0823	worksofwilliamsh0000shak_y3h8_0823.jp2	807	offset	
0824	worksofwilliamsh0000shak_y3h8_0824.jp2	808	offset	
0825	worksofwilliamsh0000shak_y3h8_0825.jp2	809	offset	
0826	worksofwilliamsh0000shak_y3h8_0826.jp2	810	offset	
0827	worksofwilliamsh0000shak_y3h8_0827.jp2	811	offset	
0828	worksofwilliamsh0000shak_y3h8_0828.jp2	812	offset	
0829	worksofwilliamsh0000shak_y3h8_0829.jp2	813	offset	
0830	worksofwilliamsh0000shak_y3h8_0830.jp2	814	offset	
0831	worksofwilliamsh0000shak_y3h8_0831.jp2	815	offset	
0832	worksofwilliamsh0000shak_y3h8_0832.jp2	816	offset	
0833	worksofwilliamsh0000shak_y3h8_0833.jp2	817	offset	
0834	worksofwilliamsh0000shak_y3h8_0834.jp2	818	offset	
0835	worksofwilliamsh0000shak_y3h8_0835.jp2	819	offset	
0836	worksofwilliamsh0000shak_y3h8_0836.jp2	820	offset	
0837	worksofwilliamsh0000shak_y3h8_0837.jp2	821	offset	
0838	worksofwilliamsh0000shak_y3h8_0838.jp2	822	offset	
0839	worksofwilliamsh0000shak_y3h8_0839.jp2	823	offset	
0840	worksofwilliamsh0000shak_y3h8_0840.jp2	824	offset	
0841	worksofwilliamsh0000shak_y3h8_0841.jp2	825	offset	
0842	worksofwilliamsh0000shak_y3h8_0842.jp2	826	offset	
0843	worksofwilliamsh0000shak_y3h8_0843.jp2	827	offset	
0844	worksofwilliamsh0000shak_y3h8_0844.jp2	828	offset	
0845	worksofwilliamsh0000shak_y3h8_0845.jp2	829	offset	
0846	worksofwilliamsh0000shak_y3h8_0846.jp2	830	offset	
0847	worksofwilliamsh0000shak_y3h8_0847.jp2	831	offset	
0848	worksofwilliamsh0000shak_y3h8_0848.jp2	832	offset	
0849	worksofwilliamsh0000shak_y3h8_0849.jp2	833	offset	
0850	worksofwilliamsh0000shak_y3h8_0850.jp2	834	offset	
0851	worksofwilliamsh0000shak_y3h8_0851.jp2	835	offset	
0852	worksofwilliamsh0000shak_y3h8_0852.jp2	836	offset	
0853	worksofwilliamsh0000shak_y3h8_0853.jp2	837	offset	
0854	worksofwilliamsh0000shak_y3h8_0854.jp2	838	offset	
0855	worksofwilliamsh0000shak_y3h8_0855.jp2	839	offset	
0856	worksofwilliamsh0000shak_y3h8_0856.jp2	840	offset	
0857	worksofwilliamsh0000shak_y3h8_0857.jp2	841	offset	
0858	worksofwilliamsh0000shak_y3h8_0858.jp2	842	offset	
0859	worksofwilliamsh0000shak_y3h8_0859.jp2	843	offset	
0860	worksofwilliamsh0000shak_y3h8_0860.jp2	844	offset	
0861	worksofwilliamsh0000shak_y3h8_0861.jp2	845	offset	
0862	worksofwilliamsh0000shak_y3h8_0862.jp2	846	offset	
0863	worksofwilliamsh0000shak_y3h8_0863.jp2	847	offset	
0864	worksofwilliamsh0000shak_y3h8_0864.jp2	848	offset	
0865	worksofwilliamsh0000shak_y3h8_0865.jp2	849	offset	
0866	worksofwilliamsh0000shak_y3h8_0866.jp2	850	offset	
0867	worksofwilliamsh0000shak_y3h8_0867.jp2	851	offset	
0868	worksofwilliamsh0000shak_y3h8_0868.jp2	852	offset	
0869	worksofwilliamsh0000shak_y3h8_0869.jp2	853	offset	
0870	worksofwilliamsh0000shak_y3h8_0870.jp2	854	offset	
0871	worksofwilliamsh0000shak_y3h8_0871.jp2	855	offset	
0872	worksofwilliamsh0000shak_y3h8_0872.jp2	856	offset	
0873	worksofwilliamsh0000shak_y3h8_0873.jp2	857	offset	
0874	worksofwilliamsh0000shak_y3h8_0874.jp2	858	offset	
0875	worksofwilliamsh0000shak_y3h8_0875.jp2	859	offset	
0876	worksofwilliamsh0000shak_y3h8_0876.jp2	860	reviewed	printed 860, checked on the page image; the only row that was
0877	worksofwilliamsh0000shak_y3h8_0877.jp2	861	offset	
0878	worksofwilliamsh0000shak_y3h8_0878.jp2	862	offset	
0879	worksofwilliamsh0000shak_y3h8_0879.jp2	863	offset	
0880	worksofwilliamsh0000shak_y3h8_0880.jp2	864	offset	
0881	worksofwilliamsh0000shak_y3h8_0881.jp2	865	offset	
0882	worksofwilliamsh0000shak_y3h8_0882.jp2	866	offset	
0883	worksofwilliamsh0000shak_y3h8_0883.jp2	867	offset	
0884	worksofwilliamsh0000shak_y3h8_0884.jp2	868	offset	
0885	worksofwilliamsh0000shak_y3h8_0885.jp2	869	offset	
0886	worksofwilliamsh0000shak_y3h8_0886.jp2	870	offset	
0887	worksofwilliamsh0000shak_y3h8_0887.jp2	871	offset	
0888	worksofwilliamsh0000shak_y3h8_0888.jp2	872	offset	
0889	worksofwilliamsh0000shak_y3h8_0889.jp2	873	offset	
0890	worksofwilliamsh0000shak_y3h8_0890.jp2	874	offset	
0891	worksofwilliamsh0000shak_y3h8_0891.jp2	875	offset	
0892	worksofwilliamsh0000shak_y3h8_0892.jp2	876	offset	
0893	worksofwilliamsh0000shak_y3h8_0893.jp2	877	offset	
0894	worksofwilliamsh0000shak_y3h8_0894.jp2	878	offset	
0895	worksofwilliamsh0000shak_y3h8_0895.jp2	879	offset	
0896	worksofwilliamsh0000shak_y3h8_0896.jp2	880	offset	
0897	worksofwilliamsh0000shak_y3h8_0897.jp2	881	offset	
0898	worksofwilliamsh0000shak_y3h8_0898.jp2	882	offset	
0899	worksofwilliamsh0000shak_y3h8_0899.jp2	883	offset	
0900	worksofwilliamsh0000shak_y3h8_0900.jp2	884	offset	
0901	worksofwilliamsh0000shak_y3h8_0901.jp2	885	offset	
0902	worksofwilliamsh0000shak_y3h8_0902.jp2	886	offset	
0903	worksofwilliamsh0000shak_y3h8_0903.jp2	887	offset	
0904	worksofwilliamsh0000shak_y3h8_0904.jp2	888	offset	
0905	worksofwilliamsh0000shak_y3h8_0905.jp2	889	offset	
0906	worksofwilliamsh0000shak_y3h8_0906.jp2	890	offset	
0907	worksofwilliamsh0000shak_y3h8_0907.jp2	891	offset	
0908	worksofwilliamsh0000shak_y3h8_0908.jp2	892	offset	
0909	worksofwilliamsh0000shak_y3h8_0909.jp2	893	offset	
0910	worksofwilliamsh0000shak_y3h8_0910.jp2	894	offset	
0911	worksofwilliamsh0000shak_y3h8_0911.jp2	895	offset	
0912	worksofwilliamsh0000shak_y3h8_0912.jp2	896	offset	
0913	worksofwilliamsh0000shak_y3h8_0913.jp2	897	offset	
0914	worksofwilliamsh0000shak_y3h8_0914.jp2	898	offset	
0915	worksofwilliamsh0000shak_y3h8_0915.jp2	899	offset	
0916	worksofwilliamsh0000shak_y3h8_0916.jp2	900	offset	
0917	worksofwilliamsh0000shak_y3h8_0917.jp2	901	offset	
0918	worksofwilliamsh0000shak_y3h8_0918.jp2	902	offset	
0919	worksofwilliamsh0000shak_y3h8_0919.jp2	903	offset	
0920	worksofwilliamsh0000shak_y3h8_0920.jp2	904	offset	
0921	worksofwilliamsh0000shak_y3h8_0921.jp2	905	offset	
0922	worksofwilliamsh0000shak_y3h8_0922.jp2	906	offset	
0923	worksofwilliamsh0000shak_y3h8_0923.jp2	907	offset	
0924	worksofwilliamsh0000shak_y3h8_0924.jp2	908	offset	
0925	worksofwilliamsh0000shak_y3h8_0925.jp2	909	offset	
0926	worksofwilliamsh0000shak_y3h8_0926.jp2	910	offset	
0927	worksofwilliamsh0000shak_y3h8_0927.jp2	911	offset	
0928	worksofwilliamsh0000shak_y3h8_0928.jp2	912	offset	
0929	worksofwilliamsh0000shak_y3h8_0929.jp2	913	offset	
0930	worksofwilliamsh0000shak_y3h8_0930.jp2	914	offset	
0931	worksofwilliamsh0000shak_y3h8_0931.jp2	915	offset	
0932	worksofwilliamsh0000shak_y3h8_0932.jp2	916	offset	
0933	worksofwilliamsh0000shak_y3h8_0933.jp2	917	offset	
0934	worksofwilliamsh0000shak_y3h8_0934.jp2	918	offset	
0935	worksofwilliamsh0000shak_y3h8_0935.jp2	919	offset	
0936	worksofwilliamsh0000shak_y3h8_0936.jp2	920	offset	
0937	worksofwilliamsh0000shak_y3h8_0937.jp2	921	offset	
0938	worksofwilliamsh0000shak_y3h8_0938.jp2	922	offset	
0939	worksofwilliamsh0000shak_y3h8_0939.jp2	923	offset	
0940	worksofwilliamsh0000shak_y3h8_0940.jp2	924	offset	
0941	worksofwilliamsh0000shak_y3h8_0941.jp2	925	offset	
0942	worksofwilliamsh0000shak_y3h8_0942.jp2	926	offset	
0943	worksofwilliamsh0000shak_y3h8_0943.jp2	927	offset	
0944	worksofwilliamsh0000shak_y3h8_0944.jp2	928	offset	
0945	worksofwilliamsh0000shak_y3h8_0945.jp2	929	offset	
0946	worksofwilliamsh0000shak_y3h8_0946.jp2	930	offset	
0947	worksofwilliamsh0000shak_y3h8_0947.jp2	931	offset	
0948	worksofwilliamsh0000shak_y3h8_0948.jp2	932	offset	
0949	worksofwilliamsh0000shak_y3h8_0949.jp2	933	offset	
0950	worksofwilliamsh0000shak_y3h8_0950.jp2	934	offset	
0951	worksofwilliamsh0000shak_y3h8_0951.jp2	935	offset	
0952	worksofwilliamsh0000shak_y3h8_0952.jp2	936	offset	
0953	worksofwilliamsh0000shak_y3h8_0953.jp2	937	offset	
0954	worksofwilliamsh0000shak_y3h8_0954.jp2	938	offset	
0955	worksofwilliamsh0000shak_y3h8_0955.jp2	939	offset	
0956	worksofwilliamsh0000shak_y3h8_0956.jp2	940	offset	
0957	worksofwilliamsh0000shak_y3h8_0957.jp2	941	offset	
0958	worksofwilliamsh0000shak_y3h8_0958.jp2	942	offset	
0959	worksofwilliamsh0000shak_y3h8_0959.jp2	943	offset	
0960	worksofwilliamsh0000shak_y3h8_0960.jp2	944	offset	
0961	worksofwilliamsh0000shak_y3h8_0961.jp2	945	offset	
0962	worksofwilliamsh0000shak_y3h8_0962.jp2	946	offset	
0963	worksofwilliamsh0000shak_y3h8_0963.jp2	947	offset	
0964	worksofwilliamsh0000shak_y3h8_0964.jp2	948	offset	
0965	worksofwilliamsh0000shak_y3h8_0965.jp2	949	offset	
0966	worksofwilliamsh0000shak_y3h8_0966.jp2	950	offset	
0967	worksofwilliamsh0000shak_y3h8_0967.jp2	951	offset	
0968	worksofwilliamsh0000shak_y3h8_0968.jp2	952	offset	
0969	worksofwilliamsh0000shak_y3h8_0969.jp2	953	offset	
0970	worksofwilliamsh0000shak_y3h8_0970.jp2	954	offset	
0971	worksofwilliamsh0000shak_y3h8_0971.jp2	955	offset	
0972	worksofwilliamsh0000shak_y3h8_0972.jp2	956	offset	
0973	worksofwilliamsh0000shak_y3h8_0973.jp2	957	offset	
0974	worksofwilliamsh0000shak_y3h8_0974.jp2	958	offset	
0975	worksofwilliamsh0000shak_y3h8_0975.jp2	959	offset	
0976	worksofwilliamsh0000shak_y3h8_0976.jp2	960	offset	
0977	worksofwilliamsh0000shak_y3h8_0977.jp2	961	offset	
0978	worksofwilliamsh0000shak_y3h8_0978.jp2	962	offset	
0979	worksofwilliamsh0000shak_y3h8_0979.jp2	963	offset	
0980	worksofwilliamsh0000shak_y3h8_0980.jp2	964	offset	
0981	worksofwilliamsh0000shak_y3h8_0981.jp2	965	offset	
0982	worksofwilliamsh0000shak_y3h8_0982.jp2	966	offset	
0983	worksofwilliamsh0000shak_y3h8_0983.jp2	967	offset	
0984	worksofwilliamsh0000shak_y3h8_0984.jp2	968	offset	
0985	worksofwilliamsh0000shak_y3h8_0985.jp2	969	offset	
0986	worksofwilliamsh0000shak_y3h8_0986.jp2	970	offset	
0987	worksofwilliamsh0000shak_y3h8_0987.jp2	971	offset	
0988	worksofwilliamsh0000shak_y3h8_0988.jp2	972	offset	
0989	worksofwilliamsh0000shak_y3h8_0989.jp2	973	offset	
0990	worksofwilliamsh0000shak_y3h8_0990.jp2	974	offset	
0991	worksofwilliamsh0000shak_y3h8_0991.jp2	975	offset	
0992	worksofwilliamsh0000shak_y3h8_0992.jp2	976	offset	
0993	worksofwilliamsh0000shak_y3h8_0993.jp2	977	offset	
0994	worksofwilliamsh0000shak_y3h8_0994.jp2	978	offset	
0995	worksofwilliamsh0000shak_y3h8_0995.jp2	979	offset	
0996	worksofwilliamsh0000shak_y3h8_0996.jp2	980	offset	
0997	worksofwilliamsh0000shak_y3h8_0997.jp2	981	offset	
0998	worksofwilliamsh0000shak_y3h8_0998.jp2	982	offset	
0999	worksofwilliamsh0000shak_y3h8_0999.jp2	983	offset	
1000	worksofwilliamsh0000shak_y3h8_1000.jp2	984	offset	
1001	worksofwilliamsh0000shak_y3h8_1001.jp2	985	offset	
1002	worksofwilliamsh0000shak_y3h8_1002.jp2	986	offset	
1003	worksofwilliamsh0000shak_y3h8_1003.jp2	987	offset	
1004	worksofwilliamsh0000shak_y3h8_1004.jp2	988	offset	
1005	worksofwilliamsh0000shak_y3h8_1005.jp2	989	offset	
1006	worksofwilliamsh0000shak_y3h8_1006.jp2	990	offset	
1007	worksofwilliamsh0000shak_y3h8_1007.jp2	991	offset	
1008	worksofwilliamsh0000shak_y3h8_1008.jp2	992	offset	
1009	worksofwilliamsh0000shak_y3h8_1009.jp2	993	offset	
1010	worksofwilliamsh0000shak_y3h8_1010.jp2	994	offset	
1011	worksofwilliamsh0000shak_y3h8_1011.jp2	995	offset	
1012	worksofwilliamsh0000shak_y3h8_1012.jp2	996	offset	
1013	worksofwilliamsh0000shak_y3h8_1013.jp2	997	offset	
1014	worksofwilliamsh0000shak_y3h8_1014.jp2	998	offset	
1015	worksofwilliamsh0000shak_y3h8_1015.jp2	999	offset	
1016	worksofwilliamsh0000shak_y3h8_1016.jp2	1000	offset	
1017	worksofwilliamsh0000shak_y3h8_1017.jp2	1001	offset	
1018	worksofwilliamsh0000shak_y3h8_1018.jp2	1002	offset	
1019	worksofwilliamsh0000shak_y3h8_1019.jp2	1003	offset	
1020	worksofwilliamsh0000shak_y3h8_1020.jp2	1004	offset	
1021	worksofwilliamsh0000shak_y3h8_1021.jp2	1005	offset	
1022	worksofwilliamsh0000shak_y3h8_1022.jp2	1006	offset	
1023	worksofwilliamsh0000shak_y3h8_1023.jp2	1007	offset	
1024	worksofwilliamsh0000shak_y3h8_1024.jp2	1008	offset	
1025	worksofwilliamsh0000shak_y3h8_1025.jp2	1009	offset	
1026	worksofwilliamsh0000shak_y3h8_1026.jp2	1010	offset	
1027	worksofwilliamsh0000shak_y3h8_1027.jp2	1011	offset	
1028	worksofwilliamsh0000shak_y3h8_1028.jp2	1012	offset	
1029	worksofwilliamsh0000shak_y3h8_1029.jp2	1013	offset	
1030	worksofwilliamsh0000shak_y3h8_1030.jp2	1014	offset	
1031	worksofwilliamsh0000shak_y3h8_1031.jp2	1015	offset	
1032	worksofwilliamsh0000shak_y3h8_1032.jp2	1016	offset	
1033	worksofwilliamsh0000shak_y3h8_1033.jp2	1017	offset	
1034	worksofwilliamsh0000shak_y3h8_1034.jp2	1018	offset	
1035	worksofwilliamsh0000shak_y3h8_1035.jp2	1019	offset	
1036	worksofwilliamsh0000shak_y3h8_1036.jp2	1020	offset	
1037	worksofwilliamsh0000shak_y3h8_1037.jp2	1021	offset	
1038	worksofwilliamsh0000shak_y3h8_1038.jp2	1022	offset	
1039	worksofwilliamsh0000shak_y3h8_1039.jp2	1023	offset	
1040	worksofwilliamsh0000shak_y3h8_1040.jp2	1024	offset	
1041	worksofwilliamsh0000shak_y3h8_1041.jp2	1025	offset	
1042	worksofwilliamsh0000shak_y3h8_1042.jp2	1026	offset	
1043	worksofwilliamsh0000shak_y3h8_1043.jp2	1027	offset	
1044	worksofwilliamsh0000shak_y3h8_1044.jp2	1028	offset	
1045	worksofwilliamsh0000shak_y3h8_1045.jp2	1029	offset	
1046	worksofwilliamsh0000shak_y3h8_1046.jp2	1030	offset	
1047	worksofwilliamsh0000shak_y3h8_1047.jp2	1031	offset	
1048	worksofwilliamsh0000shak_y3h8_1048.jp2	1032	offset	
1049	worksofwilliamsh0000shak_y3h8_1049.jp2	1033	offset	
1050	worksofwilliamsh0000shak_y3h8_1050.jp2	1034	offset	
1051	worksofwilliamsh0000shak_y3h8_1051.jp2	1035	offset	
1052	worksofwilliamsh0000shak_y3h8_1052.jp2	1036	offset	
1053	worksofwilliamsh0000shak_y3h8_1053.jp2	1037	offset	
1054	worksofwilliamsh0000shak_y3h8_1054.jp2	1038	offset	
1055	worksofwilliamsh0000shak_y3h8_1055.jp2	1039	offset	
1056	worksofwilliamsh0000shak_y3h8_1056.jp2	1040	offset	
1057	worksofwilliamsh0000shak_y3h8_1057.jp2	1041	offset	
1058	worksofwilliamsh0000shak_y3h8_1058.jp2	1042	offset	
1059	worksofwilliamsh0000shak_y3h8_1059.jp2	1043	offset	
1060	worksofwilliamsh0000shak_y3h8_1060.jp2	1044	offset	
1061	worksofwilliamsh0000shak_y3h8_1061.jp2	1045	offset	
1062	worksofwilliamsh0000shak_y3h8_1062.jp2	1046	offset	
1063	worksofwilliamsh0000shak_y3h8_1063.jp2	1047	offset	
1064	worksofwilliamsh0000shak_y3h8_1064.jp2	1048	offset	
1065	worksofwilliamsh0000shak_y3h8_1065.jp2	1049	offset	
1066	worksofwilliamsh0000shak_y3h8_1066.jp2	1050	offset	
1067	worksofwilliamsh0000shak_y3h8_1067.jp2	1051	offset	
1068	worksofwilliamsh0000shak_y3h8_1068.jp2	1052	offset	
1069	worksofwilliamsh0000shak_y3h8_1069.jp2	1053	offset	
1070	worksofwilliamsh0000shak_y3h8_1070.jp2	1054	offset	
