play	witness	catalog	file	base	path	sha256
lr	miun	hathitrust=miun.aba6868.0001.001 record=000241315	leaves	repo	data/globe/leaves-miun.tsv	fff37d1e1dc895784073f8f36dfef72a91f083b8786319e4c36f75c8e9536308
lr	miun	hathitrust=miun.aba6868.0001.001 record=000241315	kraken p.847	GLOBE_WITNESSES	Michigan/ocr/kraken/00000861.xml	0bce1cfcfdaf8fa9a2eb6f3832df06472a0da907ede747650a77d0ec4c745607
lr	miun	hathitrust=miun.aba6868.0001.001 record=000241315	kraken p.848	GLOBE_WITNESSES	Michigan/ocr/kraken/00000862.xml	633b260ee558ae520f05d8eb937d7da7cb43e954a1c1f45cf87635a670f151dc
lr	miun	hathitrust=miun.aba6868.0001.001 record=000241315	kraken p.849	GLOBE_WITNESSES	Michigan/ocr/kraken/00000863.xml	3218df9359ed360dfca0e138bc4c865915fbfd8d146aab8243158440e56e67c0
lr	miun	hathitrust=miun.aba6868.0001.001 record=000241315	kraken p.850	GLOBE_WITNESSES	Michigan/ocr/kraken/00000864.xml	27dd32459b17859ba09779d4bf712d6a4631f8d06a0b4f71334620c56ffc4a4e
lr	miun	hathitrust=miun.aba6868.0001.001 record=000241315	kraken p.851	GLOBE_WITNESSES	Michigan/ocr/kraken/00000865.xml	89279d0580c344c8fc4eed056540bf51e47282f63289b50f9a857017705b1f18
lr	miun	hathitrust=miun.aba6868.0001.001 record=000241315	kraken p.852	GLOBE_WITNESSES	Michigan/ocr/kraken/00000866.xml	c08aab55ba89dc705a5f3d429b39cde4bc8cd15afddf2ea0c17b2511e8fc8466
lr	miun	hathitrust=miun.aba6868.0001.001 record=000241315	kraken p.853	GLOBE_WITNESSES	Michigan/ocr/kraken/00000867.xml	7646740cb7b4f5b90b96c0b8be19b0f9bb154a734ad96424348daa0df85e053c
lr	miun	hathitrust=miun.aba6868.0001.001 record=000241315	kraken p.854	GLOBE_WITNESSES	Michigan/ocr/kraken/00000868.xml	b31d28d290249e07cc1d980c33b0ea071b57fe77dd717fa0048eae058bd10e6e
lr	miun	hathitrust=miun.aba6868.0001.001 record=000241315	kraken p.855	GLOBE_WITNESSES	Michigan/ocr/kraken/00000869.xml	c8bce4adb6b6ebb8afeed4069d336ece2c5a0f27eaa2b6bff4d2c31d95c6afcd
lr	miun	hathitrust=miun.aba6868.0001.001 record=000241315	kraken p.856	GLOBE_WITNESSES	Michigan/ocr/kraken/00000870.xml	d09cc0b02caef393ad5d3f40f1d7d0a6bd984a978aec25763f8909c26e4ece9b
lr	miun	hathitrust=miun.aba6868.0001.001 record=000241315	kraken p.857	GLOBE_WITNESSES	Michigan/ocr/kraken/00000871.xml	e85ce1059c6cbe0c93cb42fd61bee1ab5bfd6973ef429e55b0204f57d73ccb19
lr	miun	hathitrust=miun.aba6868.0001.001 record=000241315	kraken p.858	GLOBE_WITNESSES	Michigan/ocr/kraken/00000872.xml	53c7da135aea78b0b7e7a39d63526768e36908bf4357bb6b7e860a99e41d6bcf
lr	miun	hathitrust=miun.aba6868.0001.001 record=000241315	kraken p.859	GLOBE_WITNESSES	Michigan/ocr/kraken/00000873.xml	c6e15b9d1cc3e88c27c1338b30f023ed094de67687ae9f2902d8827f2b62545a
lr	miun	hathitrust=miun.aba6868.0001.001 record=000241315	kraken p.860	GLOBE_WITNESSES	Michigan/ocr/kraken/00000874.xml	17917e01478d02c6f1dc9f371f9ea1ee4ac5df410bf6f937c0a148eac48b4540
lr	miun	hathitrust=miun.aba6868.0001.001 record=000241315	kraken p.861	GLOBE_WITNESSES	Michigan/ocr/kraken/00000875.xml	0e4c7a594a9cb97203d8cded38b2c330511fdcecb98d1db61d14234bb30d2b64
lr	miun	hathitrust=miun.aba6868.0001.001 record=000241315	kraken p.862	GLOBE_WITNESSES	Michigan/ocr/kraken/00000876.xml	effdcc3263d9bcee95aa97ca71ae642611b0e899e2c74a22f434e4a7173f31f1
lr	miun	hathitrust=miun.aba6868.0001.001 record=000241315	kraken p.863	GLOBE_WITNESSES	Michigan/ocr/kraken/00000877.xml	09f9b7d3b801c385a979bb729877437b47dcece6e770deca79cb0f557a8cf28b
lr	miun	hathitrust=miun.aba6868.0001.001 record=000241315	kraken p.864	GLOBE_WITNESSES	Michigan/ocr/kraken/00000878.xml	e1161a22cbf63335b31a2d2c1644e261fa51fad70c9fdd1cfeb13acce7fcc094
lr	miun	hathitrust=miun.aba6868.0001.001 record=000241315	kraken p.865	GLOBE_WITNESSES	Michigan/ocr/kraken/00000879.xml	0ccafb88188b0803c57fc099f9552df82240ad346fa555abc2dca993b0b4e7b2
lr	miun	hathitrust=miun.aba6868.0001.001 record=000241315	kraken p.866	GLOBE_WITNESSES	Michigan/ocr/kraken/00000880.xml	0d7e5b9ea17dd187dcb60f333e1161ac6de06f7345fe971c4928a620886b2872
lr	miun	hathitrust=miun.aba6868.0001.001 record=000241315	kraken p.867	GLOBE_WITNESSES	Michigan/ocr/kraken/00000881.xml	500d7258139898f1bc5caf646819eeced7dfae4a102ec3c0df4bd5eeace3f507
lr	miun	hathitrust=miun.aba6868.0001.001 record=000241315	kraken p.868	GLOBE_WITNESSES	Michigan/ocr/kraken/00000882.xml	9ec905dc830728453601c48c11c1475c991db30a2d02a635a4094be160878879
lr	miun	hathitrust=miun.aba6868.0001.001 record=000241315	kraken p.869	GLOBE_WITNESSES	Michigan/ocr/kraken/00000883.xml	4dac5827ace5a7258593882aa5b52328a07f8ea9ce92513e4c713443ab2269ec
lr	miun	hathitrust=miun.aba6868.0001.001 record=000241315	kraken p.870	GLOBE_WITNESSES	Michigan/ocr/kraken/00000884.xml	b1cf81774d7a479f01a03c8150e83417d3b309a08022da2687fbeb99859368b2
lr	miun	hathitrust=miun.aba6868.0001.001 record=000241315	kraken p.871	GLOBE_WITNESSES	Michigan/ocr/kraken/00000885.xml	457a87abfbfd9c94936ca4641bf80075879fa363d2d697576f149beb9bf82472
lr	miun	hathitrust=miun.aba6868.0001.001 record=000241315	kraken p.872	GLOBE_WITNESSES	Michigan/ocr/kraken/00000886.xml	8391b51d5a899cb94078d3a03dca430e510b927fd596221b8181a34c7d224c53
lr	miun	hathitrust=miun.aba6868.0001.001 record=000241315	kraken p.873	GLOBE_WITNESSES	Michigan/ocr/kraken/00000887.xml	ead8ad02a163ac9b042889fcdd7c3322bb955463704a09234bec33ed4732e9ce
lr	miun	hathitrust=miun.aba6868.0001.001 record=000241315	kraken p.874	GLOBE_WITNESSES	Michigan/ocr/kraken/00000888.xml	aad491277d45310b9effa0d745b3be434239c19e2080b0cb5ab4d60e897aac12
lr	miun	hathitrust=miun.aba6868.0001.001 record=000241315	kraken p.875	GLOBE_WITNESSES	Michigan/ocr/kraken/00000889.xml	c5468a957a890aa988c4937cc2bc5663a663aad120a66856df753861678db136
lr	miun	hathitrust=miun.aba6868.0001.001 record=000241315	kraken p.876	GLOBE_WITNESSES	Michigan/ocr/kraken/00000890.xml	303d057bed2f2503c2d4873b46bd572d270a39336b254cea3029cc348ef3a44c
lr	miun	hathitrust=miun.aba6868.0001.001 record=000241315	kraken p.877	GLOBE_WITNESSES	Michigan/ocr/kraken/00000891.xml	bf7cde00380209debe65590d985ed2f06c93f90794b0bd32f733bd76d56609bd
lr	miun	hathitrust=miun.aba6868.0001.001 record=000241315	kraken p.878	GLOBE_WITNESSES	Michigan/ocr/kraken/00000892.xml	94d75184eb786f914db7586c6a9b9f46ca9900f91f9938d1df62c398fe0dae13
lr	trent	ia=worksofwilliamsh0000shak_y3h8 ark=ark:/13960/t2h78660m	leaves	repo	data/globe/leaves-trent.tsv	8947f5ac7bad75fc17d20c471b15ab962afc89bd18e48dc61f7bf6b3a492df49
lr	trent	ia=worksofwilliamsh0000shak_y3h8 ark=ark:/13960/t2h78660m	kraken p.847	GLOBE_WITNESSES	Trent/ocr/kraken/worksofwilliamsh0000shak_y3h8_0863.xml	3ea20cd2fdc9239a2fe68efba86802c9784ecfba4ed672d3a44bc2509547ea2f
lr	trent	ia=worksofwilliamsh0000shak_y3h8 ark=ark:/13960/t2h78660m	kraken p.848	GLOBE_WITNESSES	Trent/ocr/kraken/worksofwilliamsh0000shak_y3h8_0864.xml	bbec05210ad0d70de51c61d1ea461a1d9d84e8862644b2f0c2794dae8d8763c1
lr	trent	ia=worksofwilliamsh0000shak_y3h8 ark=ark:/13960/t2h78660m	kraken p.849	GLOBE_WITNESSES	Trent/ocr/kraken/worksofwilliamsh0000shak_y3h8_0865.xml	11899d9694071b5f3aea24467cf8c08fc949585452b7cef9004c3d7c8fb54855
lr	trent	ia=worksofwilliamsh0000shak_y3h8 ark=ark:/13960/t2h78660m	kraken p.850	GLOBE_WITNESSES	Trent/ocr/kraken/worksofwilliamsh0000shak_y3h8_0866.xml	9abd2f612b0680b46c3cc7ca7af478c1f88ca04c379c92f428d9d9bf2e61d3fd
lr	trent	ia=worksofwilliamsh0000shak_y3h8 ark=ark:/13960/t2h78660m	kraken p.851	GLOBE_WITNESSES	Trent/ocr/kraken/worksofwilliamsh0000shak_y3h8_0867.xml	7092c35924587c824b06b5bac988d7a442745ac054d1a1d15982ea5924eb8e41
lr	trent	ia=worksofwilliamsh0000shak_y3h8 ark=ark:/13960/t2h78660m	kraken p.852	GLOBE_WITNESSES	Trent/ocr/kraken/worksofwilliamsh0000shak_y3h8_0868.xml	91f9338ca7071e2e14bbd676ffba284a67a3159ad3e4f95ccdccd8eb7f5f4dc5
lr	trent	ia=worksofwilliamsh0000shak_y3h8 ark=ark:/13960/t2h78660m	kraken p.853	GLOBE_WITNESSES	Trent/ocr/kraken/worksofwilliamsh0000shak_y3h8_0869.xml	e3dd04fb627a9a09d19b149193a41c415305d400ce7d5574759cb40362061a5d
lr	trent	ia=worksofwilliamsh0000shak_y3h8 ark=ark:/13960/t2h78660m	kraken p.854	GLOBE_WITNESSES	Trent/ocr/kraken/worksofwilliamsh0000shak_y3h8_0870.xml	5d37c38852c651e309a81709861227585034425bd6b0cf69d6a6104a08601bca
lr	trent	ia=worksofwilliamsh0000shak_y3h8 ark=ark:/13960/t2h78660m	kraken p.855	GLOBE_WITNESSES	Trent/ocr/kraken/worksofwilliamsh0000shak_y3h8_0871.xml	33732f75db272e900566780037a5d032d4d4cff06bf6da2097044f049f0d64b0
lr	trent	ia=worksofwilliamsh0000shak_y3h8 ark=ark:/13960/t2h78660m	kraken p.856	GLOBE_WITNESSES	Trent/ocr/kraken/worksofwilliamsh0000shak_y3h8_0872.xml	b5c9a252f097e01b3e32346415ee6eda74bf4f48c4a88d3f7f62c50964f29a4f
lr	trent	ia=worksofwilliamsh0000shak_y3h8 ark=ark:/13960/t2h78660m	kraken p.857	GLOBE_WITNESSES	Trent/ocr/kraken/worksofwilliamsh0000shak_y3h8_0873.xml	baae9c6f2b9297ffc58e143fc436bb75f95830fdc1cec5942b992768ad35ee58
lr	trent	ia=worksofwilliamsh0000shak_y3h8 ark=ark:/13960/t2h78660m	kraken p.858	GLOBE_WITNESSES	Trent/ocr/kraken/worksofwilliamsh0000shak_y3h8_0874.xml	d926ae9fe231b1a283d5f1a57d40e0616f15d6f33c02a9fabe826d786ce44ed2
lr	trent	ia=worksofwilliamsh0000shak_y3h8 ark=ark:/13960/t2h78660m	kraken p.859	GLOBE_WITNESSES	Trent/ocr/kraken/worksofwilliamsh0000shak_y3h8_0875.xml	f42c1ae6559365884611926ccea14498bddab6c5a103f096e324ebe2e7e57b13
lr	trent	ia=worksofwilliamsh0000shak_y3h8 ark=ark:/13960/t2h78660m	kraken p.860	GLOBE_WITNESSES	Trent/ocr/kraken/worksofwilliamsh0000shak_y3h8_0876.xml	cfb9c493be29495c10c7bd0d31cdfd9ee90217490189ef438e0f43bec5f0b5b7
lr	trent	ia=worksofwilliamsh0000shak_y3h8 ark=ark:/13960/t2h78660m	kraken p.861	GLOBE_WITNESSES	Trent/ocr/kraken/worksofwilliamsh0000shak_y3h8_0877.xml	7ec277705e7dc66304c908b9a262085e9e230061421507a16689052845b13bf5
lr	trent	ia=worksofwilliamsh0000shak_y3h8 ark=ark:/13960/t2h78660m	kraken p.862	GLOBE_WITNESSES	Trent/ocr/kraken/worksofwilliamsh0000shak_y3h8_0878.xml	d1a290a8e7a0ec3ac17fbb5f9e4daba89b04bcc174c5a81f493de7b620e29cbc
lr	trent	ia=worksofwilliamsh0000shak_y3h8 ark=ark:/13960/t2h78660m	kraken p.863	GLOBE_WITNESSES	Trent/ocr/kraken/worksofwilliamsh0000shak_y3h8_0879.xml	21ca052575a24abc54980449215f261d96468c2dbe709e906c65b2e9a8309ada
lr	trent	ia=worksofwilliamsh0000shak_y3h8 ark=ark:/13960/t2h78660m	kraken p.864	GLOBE_WITNESSES	Trent/ocr/kraken/worksofwilliamsh0000shak_y3h8_0880.xml	15aafb20e6ab24c3add203075ad32896beed4e0082a916cc09ea5fcd16313abd
lr	trent	ia=worksofwilliamsh0000shak_y3h8 ark=ark:/13960/t2h78660m	kraken p.865	GLOBE_WITNESSES	Trent/ocr/kraken/worksofwilliamsh0000shak_y3h8_0881.xml	d821710ac5f0cfff36b608e5780ac6f02342df19a93e17625a9caf3ccbf317c0
lr	trent	ia=worksofwilliamsh0000shak_y3h8 ark=ark:/13960/t2h78660m	kraken p.866	GLOBE_WITNESSES	Trent/ocr/kraken/worksofwilliamsh0000shak_y3h8_0882.xml	4c9841d09ef90dbeb86b882b7276f5e89310a076594bc018eb6ef26e9d8b3bdf
lr	trent	ia=worksofwilliamsh0000shak_y3h8 ark=ark:/13960/t2h78660m	kraken p.867	GLOBE_WITNESSES	Trent/ocr/kraken/worksofwilliamsh0000shak_y3h8_0883.xml	a5c0dd46747f476602fe7f19d4ef167de29b6c8638689cd4d5ef4958d9cac82c
lr	trent	ia=worksofwilliamsh0000shak_y3h8 ark=ark:/13960/t2h78660m	kraken p.868	GLOBE_WITNESSES	Trent/ocr/kraken/worksofwilliamsh0000shak_y3h8_0884.xml	e9daef267bfe869a2c0bb3e6459cf1440b75c5f27365c172ec891ee177c49b3b
lr	trent	ia=worksofwilliamsh0000shak_y3h8 ark=ark:/13960/t2h78660m	kraken p.869	GLOBE_WITNESSES	Trent/ocr/kraken/worksofwilliamsh0000shak_y3h8_0885.xml	e016e260458decc844274a193efe541dfcee4ecf358d8cc3136c9f34c2727d7e
lr	trent	ia=worksofwilliamsh0000shak_y3h8 ark=ark:/13960/t2h78660m	kraken p.870	GLOBE_WITNESSES	Trent/ocr/kraken/worksofwilliamsh0000shak_y3h8_0886.xml	0df1c6f0e9f412ad83381a74b5d2f134796b284147a5333e201a2d2bae8d64e6
lr	trent	ia=worksofwilliamsh0000shak_y3h8 ark=ark:/13960/t2h78660m	kraken p.871	GLOBE_WITNESSES	Trent/ocr/kraken/worksofwilliamsh0000shak_y3h8_0887.xml	577a22665a0fe35ef131cfe197faaa9316216c73f016ae8382519a5a330b13a7
lr	trent	ia=worksofwilliamsh0000shak_y3h8 ark=ark:/13960/t2h78660m	kraken p.872	GLOBE_WITNESSES	Trent/ocr/kraken/worksofwilliamsh0000shak_y3h8_0888.xml	4c501a96e377c750cbd358757d5a9e4bd903b6b9d63d1d274300ebcbe62a70c0
lr	trent	ia=worksofwilliamsh0000shak_y3h8 ark=ark:/13960/t2h78660m	kraken p.873	GLOBE_WITNESSES	Trent/ocr/kraken/worksofwilliamsh0000shak_y3h8_0889.xml	581ba69ecc5502ef2aa5cedb97d55dba3a0f4bab7d43a55001dd8044ed38bafd
lr	trent	ia=worksofwilliamsh0000shak_y3h8 ark=ark:/13960/t2h78660m	kraken p.874	GLOBE_WITNESSES	Trent/ocr/kraken/worksofwilliamsh0000shak_y3h8_0890.xml	8ef2e6ed5cf55a89a8aeb8ba3f0a73574145cd0bc3f0b29cb9cb7dcdfd064e86
lr	trent	ia=worksofwilliamsh0000shak_y3h8 ark=ark:/13960/t2h78660m	kraken p.875	GLOBE_WITNESSES	Trent/ocr/kraken/worksofwilliamsh0000shak_y3h8_0891.xml	884a1503db9a459718aeb920e14cd84ecb4cf8bab4dd9fd3bf0941b9b2c4428b
lr	trent	ia=worksofwilliamsh0000shak_y3h8 ark=ark:/13960/t2h78660m	kraken p.876	GLOBE_WITNESSES	Trent/ocr/kraken/worksofwilliamsh0000shak_y3h8_0892.xml	2854758d77dedc8507f59ecb4585b34d41a392373f7fe2f5d6781598a24a886b
lr	trent	ia=worksofwilliamsh0000shak_y3h8 ark=ark:/13960/t2h78660m	kraken p.877	GLOBE_WITNESSES	Trent/ocr/kraken/worksofwilliamsh0000shak_y3h8_0893.xml	79d6941570f8526c599576d8b0b103f5df0c094244b628461ec2b1a0023326c6
lr	trent	ia=worksofwilliamsh0000shak_y3h8 ark=ark:/13960/t2h78660m	kraken p.878	GLOBE_WITNESSES	Trent/ocr/kraken/worksofwilliamsh0000shak_y3h8_0894.xml	4762a9f6c10fcbf0da1e72c1b7d1b88128f6b8b3191e8b9a39f0e8a98e89e736
lr	dracor	github=dracor-org/shakedracor commit=c34c2d4 play=shake000033	folger	SHAKEDRACOR	tei/king-lear.xml	6074df13632414fedea092feeaaf10a158e9982dc829ea3536d0d1664d39e9d9
ant	miun	hathitrust=miun.aba6868.0001.001 record=000241315	leaves	repo	data/globe/leaves-miun.tsv	fff37d1e1dc895784073f8f36dfef72a91f083b8786319e4c36f75c8e9536308
ant	miun	hathitrust=miun.aba6868.0001.001 record=000241315	kraken p.911	GLOBE_WITNESSES	Michigan/ocr/kraken/00000925.xml	4c85144bab9956ea5dbeec381b0a196f9e3d63f80da967d99ac952a40a113777
ant	miun	hathitrust=miun.aba6868.0001.001 record=000241315	kraken p.912	GLOBE_WITNESSES	Michigan/ocr/kraken/00000926.xml	65b07bee9304705c21296f9c9f5908e558c7d93513a37a0fc34452d0284163d6
ant	miun	hathitrust=miun.aba6868.0001.001 record=000241315	kraken p.913	GLOBE_WITNESSES	Michigan/ocr/kraken/00000927.xml	dcad187779256e2fa6d50290953dcceeb879c2cb2fc0f5d76a2aa8ef789117a4
ant	miun	hathitrust=miun.aba6868.0001.001 record=000241315	kraken p.914	GLOBE_WITNESSES	Michigan/ocr/kraken/00000928.xml	2ea910520cbc50d4085ddbc3198b0d8b45cd3c8cc0b9c7cfab61480c7a3a384e
ant	miun	hathitrust=miun.aba6868.0001.001 record=000241315	kraken p.915	GLOBE_WITNESSES	Michigan/ocr/kraken/00000929.xml	4ca249ea332209d6768d6b6ca677c3d98f703a47ec433d9ef85a514339b85db3
ant	miun	hathitrust=miun.aba6868.0001.001 record=000241315	kraken p.916	GLOBE_WITNESSES	Michigan/ocr/kraken/00000930.xml	d27a59c6eeb49ed11a350a6abe13373a4d5960ad2d85a27048683afa38f67495
ant	miun	hathitrust=miun.aba6868.0001.001 record=000241315	kraken p.917	GLOBE_WITNESSES	Michigan/ocr/kraken/00000931.xml	275197f6243be1c48d1bcdc77d22b3ba3dee068b89ef952ac30bd2438ad7e6a4
ant	miun	hathitrust=miun.aba6868.0001.001 record=000241315	kraken p.918	GLOBE_WITNESSES	Michigan/ocr/kraken/00000932.xml	03bfbc0eb5721f4179ddd6a5d8f4f18c85ef7f500233cdd303fcf053688d1aba
ant	miun	hathitrust=miun.aba6868.0001.001 record=000241315	kraken p.919	GLOBE_WITNESSES	Michigan/ocr/kraken/00000933.xml	30a31fd0d7f3f151f8bd4d2bb76698dabe28325fc39b7a576df4a1d1c4420ef5
ant	miun	hathitrust=miun.aba6868.0001.001 record=000241315	kraken p.920	GLOBE_WITNESSES	Michigan/ocr/kraken/00000934.xml	fb395c77f70809bf7aff5d99dd193266e721262b438fe6346ebcfadb84cd83fa
ant	miun	hathitrust=miun.aba6868.0001.001 record=000241315	kraken p.921	GLOBE_WITNESSES	Michigan/ocr/kraken/00000935.xml	4b598a5f5efc88f7e781fee96acba28520a8e598cc6ba276675c158cc4df54f4
ant	miun	hathitrust=miun.aba6868.0001.001 record=000241315	kraken p.922	GLOBE_WITNESSES	Michigan/ocr/kraken/00000936.xml	0d36a6586b690f4fa49d96fb4db5f6b65da18a76ae7b9a5744d91fe52c61a9fe
ant	miun	hathitrust=miun.aba6868.0001.001 record=000241315	kraken p.923	GLOBE_WITNESSES	Michigan/ocr/kraken/00000937.xml	d64120ebdc89fe3ed748000a70b787abc96277662b154da1f13197e9589fa331
ant	miun	hathitrust=miun.aba6868.0001.001 record=000241315	kraken p.924	GLOBE_WITNESSES	Michigan/ocr/kraken/00000938.xml	c3210f6ea311cbd69b7df3a1be81e139ba743ffd0f401a27f64ed2a9e14516a6
ant	miun	hathitrust=miun.aba6868.0001.001 record=000241315	kraken p.925	GLOBE_WITNESSES	Michigan/ocr/kraken/00000939.xml	e0c8fa4dcb1a9b78e6a674aa1238b414485b9b6a31625e4f8bb3dda14e08daa2
ant	miun	hathitrust=miun.aba6868.0001.001 record=000241315	kraken p.926	GLOBE_WITNESSES	Michigan/ocr/kraken/00000940.xml	d0197685da4608970d2335c82c8477731d976c4bede482bf52973613c634352f
ant	miun	hathitrust=miun.aba6868.0001.001 record=000241315	kraken p.927	GLOBE_WITNESSES	Michigan/ocr/kraken/00000941.xml	8aa0b87a4f018159e2c31aee5d15433bddca28399342151db84ebeda34530032
ant	miun	hathitrust=miun.aba6868.0001.001 record=000241315	kraken p.928	GLOBE_WITNESSES	Michigan/ocr/kraken/00000942.xml	c1eeb8527fd6f31f793a94641eccd09cb594075fd7d2a6b1ba5c53ad6d229148
ant	miun	hathitrust=miun.aba6868.0001.001 record=000241315	kraken p.929	GLOBE_WITNESSES	Michigan/ocr/kraken/00000943.xml	fe45267c9618cf45f387e1d470ff60a5f9ef97d70dccc8e3ddafc1fc993225ca
ant	miun	hathitrust=miun.aba6868.0001.001 record=000241315	kraken p.930	GLOBE_WITNESSES	Michigan/ocr/kraken/00000944.xml	5085e7e8ea30aec55fcafb0bbf8b53fdb848b2cd659e516dd702fcd53df5d2be
ant	miun	hathitrust=miun.aba6868.0001.001 record=000241315	kraken p.931	GLOBE_WITNESSES	Michigan/ocr/kraken/00000945.xml	2014fa55d4a9288f970dc5793650e9212fd2836d61aa4fac78a7bb5580447b86
ant	miun	hathitrust=miun.aba6868.0001.001 record=000241315	kraken p.932	GLOBE_WITNESSES	Michigan/ocr/kraken/00000946.xml	31df52e9d1c4753d89e2e8cf1573a544451a99a52eda44bfce8389425a53f6a1
ant	miun	hathitrust=miun.aba6868.0001.001 record=000241315	kraken p.933	GLOBE_WITNESSES	Michigan/ocr/kraken/00000947.xml	09386685edd32b093120082a28b7e00c5c365ca05612dd825137a663d17c0ef6
ant	miun	hathitrust=miun.aba6868.0001.001 record=000241315	kraken p.934	GLOBE_WITNESSES	Michigan/ocr/kraken/00000948.xml	5d23f5546e6ec24a43b7ead9f0d97e2470c29759b71143412ef1296436883ae7
ant	miun	hathitrust=miun.aba6868.0001.001 record=000241315	kraken p.935	GLOBE_WITNESSES	Michigan/ocr/kraken/00000949.xml	cad9a0a3564d51de9a6ec240d89c6906128f1c6386bd2b6b4cc940278c31aec8
ant	miun	hathitrust=miun.aba6868.0001.001 record=000241315	kraken p.936	GLOBE_WITNESSES	Michigan/ocr/kraken/00000950.xml	d27b84f5fab79f3756b99d49c2498eeb352f219162e6c6c7af1fb0acb75fe64c
ant	miun	hathitrust=miun.aba6868.0001.001 record=000241315	kraken p.937	GLOBE_WITNESSES	Michigan/ocr/kraken/00000951.xml	089de9f43c8af7e38917784ec551959dafa0c291f7d332a4449916dfc86a3a89
ant	miun	hathitrust=miun.aba6868.0001.001 record=000241315	kraken p.938	GLOBE_WITNESSES	Michigan/ocr/kraken/00000952.xml	87af3df1e60010509fa045a15d9ea4af7e003cc2957e1fd531f17f0cb4e07581
ant	miun	hathitrust=miun.aba6868.0001.001 record=000241315	kraken p.939	GLOBE_WITNESSES	Michigan/ocr/kraken/00000953.xml	ed50064e49d3220cf98e632a5a90bc6f70adc25a5ca05f1d972ef4442af9d2ed
ant	miun	hathitrust=miun.aba6868.0001.001 record=000241315	kraken p.940	GLOBE_WITNESSES	Michigan/ocr/kraken/00000954.xml	b6404bb9522a116ee4e23200be839579c0849de7336c69834a64e1507c719e01
ant	miun	hathitrust=miun.aba6868.0001.001 record=000241315	kraken p.941	GLOBE_WITNESSES	Michigan/ocr/kraken/00000955.xml	7c2d365abcb20d7f62ec464a92844d988fd0a8fda3103e2b9004ca16af72762e
ant	miun	hathitrust=miun.aba6868.0001.001 record=000241315	kraken p.942	GLOBE_WITNESSES	Michigan/ocr/kraken/00000956.xml	81c4d2d6a2a6f961c371d90f73283c20a731c89c8890871897560ecf0b8a5913
ant	miun	hathitrust=miun.aba6868.0001.001 record=000241315	kraken p.943	GLOBE_WITNESSES	Michigan/ocr/kraken/00000957.xml	152bf68fb8c4276c18ae3ea00e429db6d1e748e0130f67a02be31a331f78d287
ant	trent	ia=worksofwilliamsh0000shak_y3h8 ark=ark:/13960/t2h78660m	leaves	repo	data/globe/leaves-trent.tsv	8947f5ac7bad75fc17d20c471b15ab962afc89bd18e48dc61f7bf6b3a492df49
ant	trent	ia=worksofwilliamsh0000shak_y3h8 ark=ark:/13960/t2h78660m	kraken p.911	GLOBE_WITNESSES	Trent/ocr/kraken/worksofwilliamsh0000shak_y3h8_0927.xml	7b3bfa64f3bfcd22e98c78048b7413d74c5d8203a9e51f11be7594667d606b83
ant	trent	ia=worksofwilliamsh0000shak_y3h8 ark=ark:/13960/t2h78660m	kraken p.912	GLOBE_WITNESSES	Trent/ocr/kraken/worksofwilliamsh0000shak_y3h8_0928.xml	75e5c3e10dda46b8b2d8a1aef49ab76f4989cdb82e1960a086a4ce77a2dbeb74
ant	trent	ia=worksofwilliamsh0000shak_y3h8 ark=ark:/13960/t2h78660m	kraken p.913	GLOBE_WITNESSES	Trent/ocr/kraken/worksofwilliamsh0000shak_y3h8_0929.xml	927ad3934297170cbee047821925409b710367690c52aad8d7c117a21f824a11
ant	trent	ia=worksofwilliamsh0000shak_y3h8 ark=ark:/13960/t2h78660m	kraken p.914	GLOBE_WITNESSES	Trent/ocr/kraken/worksofwilliamsh0000shak_y3h8_0930.xml	55d5db9d0c9eaf2754c97adc321d43377ea8f2ceb39bd0e603b0ce34fcb3eb39
ant	trent	ia=worksofwilliamsh0000shak_y3h8 ark=ark:/13960/t2h78660m	kraken p.915	GLOBE_WITNESSES	Trent/ocr/kraken/worksofwilliamsh0000shak_y3h8_0931.xml	8e30773a9b2f05287da668ca675375879f3c1dc7c8095b442ce603831f50bc1d
ant	trent	ia=worksofwilliamsh0000shak_y3h8 ark=ark:/13960/t2h78660m	kraken p.916	GLOBE_WITNESSES	Trent/ocr/kraken/worksofwilliamsh0000shak_y3h8_0932.xml	1e0a7084a8a0c9f6d75a614f882203cfaa956a842cefc0aef6f0d5483e9f0d33
ant	trent	ia=worksofwilliamsh0000shak_y3h8 ark=ark:/13960/t2h78660m	kraken p.917	GLOBE_WITNESSES	Trent/ocr/kraken/worksofwilliamsh0000shak_y3h8_0933.xml	c864e4e5e2f59f5e88a65d8b16d5e8a0a989c52c1ebd992cdd48aaa5b84e6c01
ant	trent	ia=worksofwilliamsh0000shak_y3h8 ark=ark:/13960/t2h78660m	kraken p.918	GLOBE_WITNESSES	Trent/ocr/kraken/worksofwilliamsh0000shak_y3h8_0934.xml	aa252aab09ac5c96682b23c4a49ebf4a2b6190bfaf0d184d89d9899378f92ee9
ant	trent	ia=worksofwilliamsh0000shak_y3h8 ark=ark:/13960/t2h78660m	kraken p.919	GLOBE_WITNESSES	Trent/ocr/kraken/worksofwilliamsh0000shak_y3h8_0935.xml	1559dd8f92867e4a9816cc1b36a806a39df28e26bf35bfb81196473ce44587e6
ant	trent	ia=worksofwilliamsh0000shak_y3h8 ark=ark:/13960/t2h78660m	kraken p.920	GLOBE_WITNESSES	Trent/ocr/kraken/worksofwilliamsh0000shak_y3h8_0936.xml	938a3337f8afa671f28472d3917c8818251f0d1806999c9c6f1a3fb2a9f4a0d6
ant	trent	ia=worksofwilliamsh0000shak_y3h8 ark=ark:/13960/t2h78660m	kraken p.921	GLOBE_WITNESSES	Trent/ocr/kraken/worksofwilliamsh0000shak_y3h8_0937.xml	1ae27cba877138d6d61541dd84726e73257ab810e7195f3a6e08177228fb65f7
ant	trent	ia=worksofwilliamsh0000shak_y3h8 ark=ark:/13960/t2h78660m	kraken p.922	GLOBE_WITNESSES	Trent/ocr/kraken/worksofwilliamsh0000shak_y3h8_0938.xml	1e8e4c17516bfd6837c604164bb4431aae199bb4358ba568b6dee3b588c8addc
ant	trent	ia=worksofwilliamsh0000shak_y3h8 ark=ark:/13960/t2h78660m	kraken p.923	GLOBE_WITNESSES	Trent/ocr/kraken/worksofwilliamsh0000shak_y3h8_0939.xml	90c64b91c5fafbac0e438ef194525a7d567a6bba9f9cd9483e31ae975070934f
ant	trent	ia=worksofwilliamsh0000shak_y3h8 ark=ark:/13960/t2h78660m	kraken p.924	GLOBE_WITNESSES	Trent/ocr/kraken/worksofwilliamsh0000shak_y3h8_0940.xml	9e8a6d70e25521e65e1efe06363c100cf5abad6b2cabcdbce7b83c27ac78b8de
ant	trent	ia=worksofwilliamsh0000shak_y3h8 ark=ark:/13960/t2h78660m	kraken p.925	GLOBE_WITNESSES	Trent/ocr/kraken/worksofwilliamsh0000shak_y3h8_0941.xml	33f85e30cc608574c6912152206791ab6504e64827c5e1a310bd6f1c11824e08
ant	trent	ia=worksofwilliamsh0000shak_y3h8 ark=ark:/13960/t2h78660m	kraken p.926	GLOBE_WITNESSES	Trent/ocr/kraken/worksofwilliamsh0000shak_y3h8_0942.xml	be92474d7a6465652ca49425df13039b34786a3ff8a3e2cfaaca429c43adfaa0
ant	trent	ia=worksofwilliamsh0000shak_y3h8 ark=ark:/13960/t2h78660m	kraken p.927	GLOBE_WITNESSES	Trent/ocr/kraken/worksofwilliamsh0000shak_y3h8_0943.xml	c70ea7674fc59b0e7ef18cc497b2655906c332998da7862d8f69b7a324ab7b8f
ant	trent	ia=worksofwilliamsh0000shak_y3h8 ark=ark:/13960/t2h78660m	kraken p.928	GLOBE_WITNESSES	Trent/ocr/kraken/worksofwilliamsh0000shak_y3h8_0944.xml	0e5e071823688a8e3f6aa1bf6caae3842074326bd7d40356f9146ff1ee126ee1
ant	trent	ia=worksofwilliamsh0000shak_y3h8 ark=ark:/13960/t2h78660m	kraken p.929	GLOBE_WITNESSES	Trent/ocr/kraken/worksofwilliamsh0000shak_y3h8_0945.xml	882981d9794f9fe3691693395c5422dd5bee28568522b50115667783ba0b3bac
ant	trent	ia=worksofwilliamsh0000shak_y3h8 ark=ark:/13960/t2h78660m	kraken p.930	GLOBE_WITNESSES	Trent/ocr/kraken/worksofwilliamsh0000shak_y3h8_0946.xml	38a14e632a1991082d9e91c3e189d4bd7e0b3bd090e7070f1f709a8debf75fd2
ant	trent	ia=worksofwilliamsh0000shak_y3h8 ark=ark:/13960/t2h78660m	kraken p.931	GLOBE_WITNESSES	Trent/ocr/kraken/worksofwilliamsh0000shak_y3h8_0947.xml	93faaadfbcc379044d72711de275edc593039e8fbdbd9ecfa736bab174773672
ant	trent	ia=worksofwilliamsh0000shak_y3h8 ark=ark:/13960/t2h78660m	kraken p.932	GLOBE_WITNESSES	Trent/ocr/kraken/worksofwilliamsh0000shak_y3h8_0948.xml	7964ef16df9685ea94b3cb42d60838ecf109bc115eae07f828398db0641e32a2
ant	trent	ia=worksofwilliamsh0000shak_y3h8 ark=ark:/13960/t2h78660m	kraken p.933	GLOBE_WITNESSES	Trent/ocr/kraken/worksofwilliamsh0000shak_y3h8_0949.xml	bb5b37615fa75c259c918fcd4bcc1aef2dfc68f607c026b92645175cd4e5482e
ant	trent	ia=worksofwilliamsh0000shak_y3h8 ark=ark:/13960/t2h78660m	kraken p.934	GLOBE_WITNESSES	Trent/ocr/kraken/worksofwilliamsh0000shak_y3h8_0950.xml	d8723dc420503e6997f462d23fdd88a7e7777030ddfb17ac1cc79478a38ae19e
ant	trent	ia=worksofwilliamsh0000shak_y3h8 ark=ark:/13960/t2h78660m	kraken p.935	GLOBE_WITNESSES	Trent/ocr/kraken/worksofwilliamsh0000shak_y3h8_0951.xml	2b1b2955b7faa05a7b309201e0b5b7346fef2de177893197dccb0f9c0b5859d3
ant	trent	ia=worksofwilliamsh0000shak_y3h8 ark=ark:/13960/t2h78660m	kraken p.936	GLOBE_WITNESSES	Trent/ocr/kraken/worksofwilliamsh0000shak_y3h8_0952.xml	44aa22d04258a6195e9669c9364985c8baafa94ac71f863ca1f54f46c37a709f
ant	trent	ia=worksofwilliamsh0000shak_y3h8 ark=ark:/13960/t2h78660m	kraken p.937	GLOBE_WITNESSES	Trent/ocr/kraken/worksofwilliamsh0000shak_y3h8_0953.xml	e25bc8d79811447659d10b85d6a6338708c722563d4877c58f25b0e9e9bfb2bd
ant	trent	ia=worksofwilliamsh0000shak_y3h8 ark=ark:/13960/t2h78660m	kraken p.938	GLOBE_WITNESSES	Trent/ocr/kraken/worksofwilliamsh0000shak_y3h8_0954.xml	9879eea906b92b5f6b3483d2d96a32ded11d863f93f1f0236180e19944a59505
ant	trent	ia=worksofwilliamsh0000shak_y3h8 ark=ark:/13960/t2h78660m	kraken p.939	GLOBE_WITNESSES	Trent/ocr/kraken/worksofwilliamsh0000shak_y3h8_0955.xml	b0a7c157073b273870708f17a9b7cb46bb79bfa4abdd7bc3fd0ad968173e89fa
ant	trent	ia=worksofwilliamsh0000shak_y3h8 ark=ark:/13960/t2h78660m	kraken p.940	GLOBE_WITNESSES	Trent/ocr/kraken/worksofwilliamsh0000shak_y3h8_0956.xml	b650bbae2d2a9b73de9835f0b59b8c328fc063fbd12972a514976cdf34af8020
ant	trent	ia=worksofwilliamsh0000shak_y3h8 ark=ark:/13960/t2h78660m	kraken p.941	GLOBE_WITNESSES	Trent/ocr/kraken/worksofwilliamsh0000shak_y3h8_0957.xml	fa4591a197e72825a68703c78c818b406aa1ce48e177f346bfb7ead02093b9b7
ant	trent	ia=worksofwilliamsh0000shak_y3h8 ark=ark:/13960/t2h78660m	kraken p.942	GLOBE_WITNESSES	Trent/ocr/kraken/worksofwilliamsh0000shak_y3h8_0958.xml	8c5bad0bffc1aab5530ddf6195d78dcc41bb64de3c4214cb71a8a38998f82afe
ant	trent	ia=worksofwilliamsh0000shak_y3h8 ark=ark:/13960/t2h78660m	kraken p.943	GLOBE_WITNESSES	Trent/ocr/kraken/worksofwilliamsh0000shak_y3h8_0959.xml	aa48762b24c2584d9a71c57c2d96e237b0c27a0e257e7f3c0eabade8d9e377e0
ant	dracor	github=dracor-org/shakedracor commit=c34c2d4 play=shake000035	folger	SHAKEDRACOR	tei/antony-and-cleopatra.xml	e462bfc78ee7b9cb160626da73b6a132b5aa571387fb6e33ab6c705d022e4cc3
