scene	line	page	finding	p4_part	fold_from	rows
1.1	18	911	P4 marks neither half	-/-	the page's layout	Att. News, my good lord, from Rome. / Ant Grates me : the sum.
1.1	24	911	P4 marks neither half	-/-	the page's layout	"Perform’t, or else we damn thee."" / Ant. How, my love!"
1.1	40	911	P4 marks neither half	-/-	the page's layout	We stand up peerless. / Cleo. Excellent falsehood!
1.1	43	911	P4 marks neither half	-/-	the page's layout	Will be himself. / Ant. But stirr’d by Cleopatra.
1.1	48	911	P4 marks neither half	-/-	the page's layout	Cleo. Hear the ambassadors. / Ant. Fie, wrangling queen!
1.1	59	912	P4 marks neither half	-/-	the page's layout	Which still should go with Antony. / Dem. I am full sorry
1.2	10	912	P4 marks neither half	-/-	the page's layout	A little I can read. / Alex. Show him your hand.
1.2	83	912	P4 marks neither half	-/-	the page's layout	Eno. Hush! here comes Antony. / Char. Not he; the queen.
1.2	84	912	P4 marks neither half	-/-	the page's layout	Cleo. Saw you my lord? / Eno. No, lady. / Cleo. Was he not here?
1.2	98	913	P4 marks neither half	-/-	the page's layout	Upon the first encounter, drave them. / Ant. Well, what worst?
1.2	103	913	P4 marks neither half	-/-	the page's layout	I hear him as he flatter’d. / Mess. Labienus—
1.2	108	913	P4 marks neither half	-/-	shared-lines.tsv (image)	Whilst— / Ant. Antony, thou wouldst say,— / Mess. O, my lord!
1.2	119	913	P4 marks neither half	-/-	the page's layout	Sec. Att. He stays upon your will. / Ant. Let him appear.
1.2	122	913	P4 marks neither half	-/-	the page's layout	Sec. Mess. Fulvia thy wife is dead. / Ant. Where died she ?
1.2	125	913	P4 marks neither half	-/-	the page's layout	Importeth thee to know, this bears. / Ant. Forbear me!
1.3	1	913	P4 marks neither half	-/-	the page's layout	Cleo. Where is he? / Char. I did not see him since.
1.3	8	914	P4 marks neither half	-/-	the page's layout	The like from him. / Cleo. What should I do, I do not?
1.3	13	914	P4 marks neither half	-/-	the page's layout	But here comes Antony. / Cleo. I am sick and sullen.
1.3	17	914	P4 marks neither half	-/-	the page's layout	Will not sustain it. / Ant. Now, my dearest queen.—
1.3	18	914	P4 marks neither half	-/-	the page's layout	Cleo. Pray you, stand farther from me. / Ant. What’s the matter?
1.3	24	914	P4 marks neither half	-/-	the page's layout	Ant. The gods best know.— / Cleo. O, never was there queen
1.3	26	914	P4 marks neither half	-/-	the page's layout	I saw, the treasons planted. / Ant. Cleopatra, —
1.3	31	914	P4 marks neither half	-/-	the page's layout	Which break themselves in swearing! / Ant. Most sweet queen.—
1.3	39	914	P4 marks neither half	-/-	the page's layout	Art turn’d the greatest liar. / Ant. How now, lady!
1.3	41	914	P4 marks neither half	-/-	the page's layout	There were a heart in Egypt. / Ant. Hear me, queen:
1.3	62	914	P4 marks neither half	-/-	the page's layout	See when and where she died. / Cleo. O most false love!
1.3	71	914	P4 marks neither half	-/-	the page's layout	As thou affect’st. / Cleo. Cut my lace, Charmian, come;
1.3	73	914	P4 marks neither half	-/-	the page's layout	So Antony loves. / Ant. My precious queen, forbear;
1.3	75	914	P4 marks neither half	-/-	the page's layout	An honourable trial. / Cleo. So Fulvia told me.
1.3	80	914	P4 marks neither half	-/-	the page's layout	Like perfect honour. / Ant. You ’Il beat my blood: no more.
1.3	82	914	P4 marks neither half	-/-	the page's layout	Ant. Now, by my sword.— / Cleo. And target. Still he mends;
1.3	86	914	P4 marks neither half	-/-	the page's layout	Ant. I’ll leave you, lady. / Cleo. Courteous lord, one word.
1.3	91	914	P4 marks neither half	-/-	the page's layout	And I am all forgotten. / Ant. But that vour royalty
1.3	93	914	P4 marks neither half	-/-	the page's layout	For idleness itself. / Cleo. Tis sweating labour
1.3	101	915	P4 marks neither half	-/-	the page's layout	Be strew’d before your feet! / Ant. Let us go. Come;
1.4	10	915	P4 marks neither half	-/-	the page's layout	That all men follow. / Lep. I must not think there are
1.4	33	915	P4 marks neither half	-/-	the page's layout	And so rebel to judgement. / Lep. Here ’s more news.
1.4	40	915	P4 marks neither half	-/-	the page's layout	Give him much wrong’d. / Cæs. I should have known no less.
1.4	47	915	P4 marks neither half	-/-	the page's layout	To rot itself with motion. / Mess. Cæsar, I bring thee word,
1.4	55	915	P4 marks neither half	-/-	the page's layout	Than could his war resisted. / Cæs. Antony,
1.4	71	915	P4 marks neither half	-/-	the page's layout	"So much as lank’d not. — / Lep. ""Tis pity of him."
1.4	76	915	P4 marks neither half	-/-	the page's layout	Thrives in our idleness. / Lep. To-morrow, Cæsar,
1.4	79	915	P4 marks neither half	-/-	the page's layout	To front this present time. / Cæs. Till which encounter,
1.4	83	915	P4 marks neither half	-/-	the page's layout	To let me be partaker. / Cœs. Doubt not, sir;
1.5	4	915	P4 marks neither half	-/-	the page's layout	Give me to drink mandragora. / Char. Why, madam?
1.5	6	915	P4 marks neither half	-/-	the page's layout	My Antony is away. / Char. You think of him too much.
1.5	7	915	P4 marks neither half	-/-	the page's layout	Cleo. O, 'tis treason! / Char. Madam, I trust, not so.
1.5	8	916	P4 marks neither half	-/-	the page's layout	Cleo. Thou, eunuch Mardian! / Mar. What’s your highness' pleasure?
1.5	18	916	P4 marks neither half	-/-	the page's layout	What Venus did with Mars. / Cleo. O Charmian,
1.5	34	916	P4 marks neither half	-/-	the page's layout	With looking on his life. / Alex. Sovereign of Egypt, hail!
1.5	42	916	P4 marks neither half	-/-	the page's layout	"Cleo. Mine ear must pluck it thence. / A lex. ""Good friend, quoth he,"
1.5	50	916	P4 marks neither half	-/-	the page's layout	Was beastly dumb'd by him. / Cleo. What, was he sad or merry?
1.5	63	916	P4 marks neither half	-/-	the page's layout	Why do you send so thick? / Cleo. Who’s born that day
1.5	67	916	P4 marks neither half	-/-	the page's layout	Ever love Cæsar so? / Char. O that brave Cæsar!
1.5	69	916	P4 marks neither half	-/-	the page's layout	Say, the brave Antony. / Char. The valiant Cæsar!
1.5	72	916	P4 marks neither half	-/-	the page's layout	My man of men. / Char. By your most gracious pardon,
1.5	73	916	P4 marks neither half	-/-	the page's layout	I sing but after you. / Cleo. My salad days,
2.1	2	916	P4 marks neither half	-/-	the page's layout	The deeds of justest men. / Mene. Know, worthy Pompey,
2.1	5	916	P4 marks neither half	-/-	the page's layout	The thing we sue for. / Mene. We, ignorant of ourselves,
2.1	8	916	P4 marks neither half	-/-	the page's layout	By losing of our prayers. / Pom. I shall do well:
2.1	16	916	P4 marks neither half	-/-	the page's layout	Nor either cares for him. / Men. Cæsar and Lepidus
2.1	18	916	P4 marks neither half	-/-	the page's layout	Pom. Where have you this? 'tis false. / Men. From Silvius, sir.
2.1	31	917	P4 marks neither half	-/-	the page's layout	A space for further travel. / Pom. I could have given less matter
2.1	38	917	P4 marks neither half	-/-	the page's layout	The ne’er-lust-wearied Antony. / Men. I cannot hope
2.1	42	917	P4 marks neither half	-/-	the page's layout	Not moved by Antony. / Pom. I know not, Menas,
2.2	3	917	P4 marks neither half	-/-	the page's layout	To soft and gentle speech. / Eno. I shall entreat him
2.2	8	917	P4 marks neither half	-/-	the page's layout	"I would not shave ’t to-day. / Lep. ""Tis not a time"
2.2	9	917	P4 marks neither half	-/-	the page's layout	For private stomaching. / Eno. Every time
2.2	12	917	P4 marks neither half	-/-	the page's layout	Eno. Not if the small come first. / Lep. Your speech is passion
2.2	14	917	P4 marks neither half	-/-	the page's layout	The noble Antony. / Eno. And yonder, Cæsar.
2.2	16	917	P4 marks neither half	-/-	the page's layout	Hark, Ventidius. / Cæs. I do not know,
2.2	17	917	P4 marks neither half	-/-	the page's layout	Mecænas; ask Agrippa. / Lep. Noble friends,
2.2	25	917	P4 marks neither half	-/-	the page's layout	"Nor curstness grow to the matter. / Ant. ""Tis spoken well."
2.2	28	917	P4 marks neither half	-/-	the page's layout	Cæs. Welcome to Rome. / Ant. Thank you. / Cœs. Sit. / Ant. Sit, sir. / Cœs. Nay, then.
2.2	30	917	P4 marks neither half	-/-	the page's layout	Or being, concern you not. / Cæs. I must be laugh’d at,
2.2	35	917	P4 marks neither half	-/-	the page's layout	It not concern’d me. / Ant. My being in Egypt, Cæsar,
2.2	40	917	P4 marks neither half	-/-	the page's layout	Might be my question. / Ant. How intend you, practised?
2.2	54	917	P4 marks neither half	-/-	the page's layout	It must not be with this. / Cæs. You praise vourself
2.2	56	917	P4 marks neither half	-/-	the page's layout	You patch’d up your excuses. / Ant. Not so, not so;
2.2	71	917	P4 marks neither half	-/-	the page's layout	But say, I could not help it. / Cœs. I wrote to you
2.2	74	918	P4 marks neither half	-/-	the page's layout	Did gibe my missive out of audience. / Ant. Sir,
2.2	81	918	P4 marks neither half	-/-	the page's layout	Out of our question wipe him. / Cœs. You have broken
2.2	83	918	P4 marks neither half	-/-	the page's layout	Have tongue to charge me with. / Lep. Soft, Cæsar! / Ant. No,
2.2	89	918	P4 marks neither half	-/-	the page's layout	The which you both denied. / Ant. Neglected, rather;
2.2	98	918	P4 marks neither half	-/-	the page's layout	"To stoop in such a case. / Lep. ""Tis noble spoken."
2.2	102	918	P4 marks neither half	-/-	the page's layout	Speaks to atone you. / Lep. Worthily spoken, Mecænas.
2.2	118	918	P4 marks neither half	-/-	the page's layout	O' the world I would pursue it. / Agr. Give me leave, Cæsar, —
2.2	122	918	P4 marks neither half	-/-	the page's layout	Is now a widower. / Cœs. Say not so, Agrippa:
2.2	141	918	P4 marks neither half	-/-	the page's layout	By duty ruminated. / Ant. Will Cæsar speak?
2.2	143	918	P4 marks neither half	-/-	the page's layout	With what is spoke already. / Ant. What power is in Agrippa,
2.2	145	918	P4 marks neither half	-/-	the page's layout	To make this good? / Cæs. The power of Cæsar, and
2.2	146	918	P4 marks neither half	-/-	the page's layout	His power unto Octavia. / Ant. May I never
2.2	151	918	P4 marks neither half	-/-	the page's layout	And sway our great designs ! / Cœs. There is my hand.
2.2	155	918	P4 marks neither half	-/-	the page's layout	Fly off our loves again ! / Lep. Happily, amen!
2.2	160	918	P4 marks neither half	-/-	the page's layout	At heel of that, defy him. / Lep. Time calls upon's:
2.2	162	918	P4 marks neither half	-/-	the page's layout	Or else he seeks out us. / Ant. Where lies he?
2.2	166	918	P4 marks neither half	-/-	the page's layout	He is an absolute master. / Ant. So is the fame.
2.2	169	918	P4 marks neither half	-/-	the page's layout	The business we have talk’d of. / Cœs. With most gladness :
2.2	171	918	P4 marks neither half	-/-	the page's layout	Whither straight I’Il lead you. / Ant. Let us, Lepidus,
2.2	172	918	P4 marks neither half	-/-	the page's layout	Not lack your company. / Lep. Noble Antony,
2.2	210	919	P4 marks neither half	-/-	the page's layout	And what they undid did. / Agr. O, rare for Antony!
2.2	223	919	P4 marks neither half	-/-	the page's layout	And made a gap in nature. / Agr. Rare Egyptian!
2.2	231	919	P4 marks neither half	-/-	the page's layout	For what his eyes eat only. / Agr. .Royal wench!
2.2	233	919	P4 marks neither half	-/-	the page's layout	He plough’d her, and she cropp’d. / Eno. I saw her once
2.2	248	919	P4 marks neither half	-/-	the page's layout	A blessed lottery to him. / Agr. Let us go.
2.2	250	919	P4 marks neither half	-/-	the page's layout	Whilst you abide here. / Eno. Humbly, sir, I thank you. IExeunt.
2.3	2	919	P4 marks neither half	-/-	the page's layout	Divide me from your bosom. / Octa. All which time
2.3	4	919	P4 marks neither half	-/-	the page's layout	To them for you. / Ant. Good night, sir. My Octavia,
2.3	13	919	P4 marks neither half	-/-	the page's layout	Ant. If you can, your reason? / Sooth. I see it in
2.3	15	919	P4 marks neither half	-/-	the page's layout	Hie you to Egypt again. / Ant. Say to me,
2.3	23	919	P4 marks neither half	-/-	the page's layout	Make space enough between vou. / Ant. Speak this no more.
2.3	30	919	P4 marks neither half	-/-	the page's layout	But, he away, ’tis noble. / Ant. Get thee gone:
2.4	2	920	P4 marks neither half	-/-	the page's layout	Your generals after. / Sir, Mark Antony
2.4	5	920	P4 marks neither half	-/-	the page's layout	Which will become you both, farewell. / Mec. We shall,
2.4	7	920	P4 marks neither half	-/-	the page's layout	Before you, Lepidus. / Lep. Your way is shorter;
2.4	9	920	P4 marks neither half	-/-	shared-lines.tsv (folger)	You ’ll win two days upon me. / Agr. J Sir, good success !
2.5	2	920	P4 marks neither half	-/-	the page's layout	Of us that trade in love. / Attend. The music, ho!
2.5	15	920	P4 marks neither half	-/-	the page's layout	"And say “Ah, ha! you’re caugnt."" / Char. Twas merry when"
2.5	18	920	P4 marks neither half	-/-	the page's layout	With fervency drew up. / Cleo. That time,—O times !—
2.5	25	920	P4 marks neither half	-/-	the page's layout	That long time have been barren. / Mess. Madam, madam.—
2.5	31	920	P4 marks neither half	-/-	the page's layout	Mess. First, madam, he is well. / Cleo. Why, there ’s more gold.
2.5	36	920	P4 marks neither half	-/-	the page's layout	Mess. Good madam, hear me. / Cleo. Well, go to, I will;
2.5	41	920	P4 marks neither half	-/-	the page's layout	Not like a formal man. / Mess. Will't please you hear me?
2.5	46	920	P4 marks neither half	-/-	the page's layout	Rich pearls upon thee. / Mess. Madam, he ’s well. / Cleo. Well said.
2.5	47	920	P4 marks neither half	-/-	the page's layout	Mess. And friends with Cæsar. / Cleo. Thou’rt an honest man.
2.5	49	920	P4 marks neither half	-/-	the page's layout	Cleo. Make thee a fortune from me. / Mess. But yet, madam, —
2.5	58	920	P4 marks neither half	-/-	the page's layout	He ’s bound unto Octavia. / Cleo. For what good turn?
2.5	59	920	P4 marks neither half	-/-	the page's layout	Mess. For the best turn i' the bed. / Cleo. I am pale, Charmian.
2.5	62	920	P4 marks neither half	-/-	the page's layout	Mess. Good madam, patience. / Cleo. What say you? Hence,
2.5	66	920	P4 marks neither half	-/-	the page's layout	Smarting in lingering pickle. / Mess. Gracious madam,
2.5	72	921	P4 marks neither half	-/-	the page's layout	Thy modesty can beg. / Mess. He’s married, madam.
2.5	73	921	P4 marks neither half	-/-	the page's layout	Cleo. Rogue, thou hast lived too long. / Mess. Nay, then I’Il run.
2.5	81	921	P4 marks neither half	-/-	the page's layout	Char. He is afeard to come. / Cleo. I will not hurt him.
2.5	88	921	P4 marks neither half	-/-	the page's layout	Themselves when they be felt. / Mess. I have done my duty.
2.5	91	921	P4 marks neither half	-/-	the page's layout	If thou again say “Yes. / Mess. He’s married, madam.
2.5	93	921	P4 marks neither half	-/-	the page's layout	Mess. Should I lie, madam? / Cleo. O, I would thou didst,
2.5	98	921	P4 marks neither half	-/-	the page's layout	Mess. I crave your highness' pardòn. / Cleo. He is married?
2.5	106	921	P4 marks neither half	-/-	the page's layout	And be undone by ’em! [Exit Messenger / Char. Good your highness, patience.
2.5	108	921	P4 marks neither half	-/-	the page's layout	Char. Many times, madam. / Cleo. I am paid for't now.
2.6	2	921	P4 marks neither half	-/-	the page's layout	And we shall talk before we fight. / Cœs. Most meet
2.6	8	921	P4 marks neither half	-/-	the page's layout	That else must perish here. / Pom. To you all three,
2.6	23	921	P4 marks neither half	-/-	the page's layout	"""Cast on my noble father. / Cæs. Take your time."
2.6	26	921	P4 marks neither half	-/-	the page's layout	How much we do o’er-count thee. / Pom. At land, indeed,
2.6	29	921	P4 marks neither half	-/-	the page's layout	Remain in’t as thou mayst. / Lep. Be pleased to tell us–
2.6	31	921	P4 marks neither half	-/-	the page's layout	The offers we have sent you. / Cæs. There’s the point.
2.6	33	921	P4 marks neither half	-/-	the page's layout	What it is worth embraced. / Cæs. And what may follow,
2.6	34	921	P4 marks neither half	-/-	the page's layout	To try a larger fortune. / Pom. You have made, me offer
2.6	40	921	P4 marks neither half	-/-	the page's layout	Cœs. Ant. Lez. That’s our offer. / Pom. Know, then,
2.6	47	922	P4 marks neither half	-/-	the page's layout	Her welcome friendly. / Ant. I have heard it, Pompey;
2.6	49	922	P4 marks neither half	-/-	the page's layout	Which I do owe you. / Pom. Let me have your hand :
2.6	53	922	P4 marks neither half	-/-	the page's layout	For I have gain’d by’t. / Cæs. Since I saw you last,
2.6	54	922	P4 marks neither half	-/-	the page's layout	There is a change upon you. / Pom. Well, I know not
2.6	57	922	P4 marks neither half	-/-	the page's layout	To make my heart her vassal. / Lep. Well met here.
2.6	60	922	P4 marks neither half	-/-	the page's layout	And seal’d between us. / Cæs. That’s the next to do.
2.6	62	922	P4 marks neither half	-/-	the page's layout	Draw lots who shall begin. / Ant That will I, Pompey.
2.6	66	922	P4 marks neither half	-/-	the page's layout	Grew fat with feasting there. / Ant. You have heard much.
2.6	67	922	P4 marks neither half	-/-	the page's layout	Pom. I have fair meanings, sir. / Ant. And fair words to them.
2.6	70	922	P4 marks neither half	-/-	the page's layout	Eno. No more of that: he did so. / Pom. What, I pray you?
2.6	75	922	P4 marks neither half	-/-	the page's layout	Four feasts are toward. / Pom. Let me shake thy hand;
2.6	77	922	P4 marks neither half	-/-	the page's layout	When I have envied thy behaviour. / Eno. Sir,
2.6	80	922	P4 marks neither half	-/-	the page's layout	As I have said you did. / Pom. Enjoy thy plainness,
2.6	83	922	P4 marks neither half	-/-	shared-lines.tsv (image)	Will you lead, lords? / Cæs. Ant. Lep. Show us the way, sir. / Pom. Come.
2.7	20	923	P4 marks neither half	-/-	the page's layout	Ant. 17° Cœsarl Thus do they, sir: they take / the flow o' the Nile
2.7	42	923	P4 marks neither half	-/-	the page's layout	Men. LAside to Pom.] Pompey, a word. / Pom. (Aside t° Men.] Say in / mine ear: what is't?
2.7	43	923	P4 marks neither half	-/-	the page's layout	Men. (Aside to Pom. ] Forsake thy seat, I do / beseech thee, captain,
2.7	45	923	P4 marks neither half	-/-	shared-lines.tsv (image)	Pom. [Aside to Men.] Forbear me till anon. / This wine for Lepidus !
2.7	59	923	P4 marks neither half	-/-	the page's layout	Pom. (Aside to Men.] Go hang, sir, hang! / Tell me of that? away!
2.7	61	923	P4 marks neither half	-/-	the page's layout	Men. [Aside to Pom. I If for the sake of mer / thou wilt hear me,
2.7	62	923	P4 marks neither half	-/-	shared-lines.tsv (image)	Rise from thy stool. / Pom. (Aside to Men.] I think thou'rt mad. / The matter? (Rises, and walks aside.
2.7	65	923	P4 marks neither half	-/-	the page's layout	Be jolly, lords. / Ant. These quick-sands, Lepidus,
2.7	67	923	P4 marks neither half	-/-	the page's layout	Men. Wilt thou be lord of all the world? / Pom. What say’st thou?
2.7	69	923	P4 marks neither half	-/-	the page's layout	Pom. How should that be ? / Men. But entertain it,
2.7	71	923	P4 marks neither half	-/-	the page's layout	Will give thee all the world. / Pom. Hast thou drunk well ?
2.7	75	923	P4 marks neither half	-/-	the page's layout	Is thine, if thou wilt ha ’t. / Pom. Show me which way.
2.7	79	923	P4 marks neither half	-/-	the page's layout	All there is thine. / Pom. Ah, this thou shouldst have done,
2.7	90	923	P4 marks neither half	-/-	the page's layout	Shall never find it more. / Pom. This health to Lepidus!
2.7	92	923	P4 marks neither half	-/-	the page's layout	Eno. Here’s to thee, Menas! / Men. Enobarbus, welcome!
2.7	104	923	P4 marks neither half	-/-	the page's layout	Here is to Cæsar! / Cœs. I could well forbear 't.
2.7	106	923	P4 marks neither half	-/-	the page's layout	And it grows fouler. / Ant. Be a child o' the time.
2.7	109	923	P4 marks neither half	-/-	the page's layout	Than drink so much in one. / Eno. Ha, my brave emperor! [To Antony.
2.7	111	924	P4 marks neither half	-/-	the page's layout	And celebrate our drink? / Pom. Let’s ha’t, good soldier.
2.7	114	924	P4 marks neither half	-/-	the page's layout	In soft and delicate Lethe. / Eno. All take hands.
2.7	133	924	P4 marks neither half	-/-	the page's layout	Good Antony, your hand. / Pom. I’Il try you on the shore.
2.7	134	924	P4 marks neither half	-/-	the page's layout	Ant. And shall, sir : give’s your hand. / Pom. O Antony,
2.7	136	924	P4 marks neither half	-/-	the page's layout	Come, down into the boat. / Eno. Take heed you fall not.
2.7	137	924	P4 marks neither half	-/-	the page's layout	Menas, I’Il not on shore. / Men. No, to my cabin.
3.1	5	924	P4 marks neither half	-/-	the page's layout	Pays this for Marcus Crassus. / Sil. Noble Ventidius,
3.1	11	924	P4 marks neither half	-/-	the page's layout	Put garlands on thy head. / Ven. O Silius, Silius,
3.1	27	924	P4 marks neither half	-/-	the page's layout	Should my performance perish. / Sil. Thou hast, Ventidius, that
3.1	34	924	P4 marks neither half	-/-	the page's layout	We have jaded out o' the field. / Sil. Where is he now?
3.10	4	928	P4 marks neither half	-/-	the page's layout	To see’t mine eyes are blasted. / Scar. Gods and goddesses,
3.10	5	928	P4 marks neither half	-/-	the page's layout	All the whole synod of them! / Eno. What’s thy passion?
3.10	8	928	P4 marks neither half	-/-	the page's layout	Kingdoms and provinces. / Eno. How appears the fight?
3.10	18	929	P4 marks neither half	-/-	the page's layout	Enduure a further vew. / Sear. She once being loof'd,
3.10	24	929	P4 marks neither half	-/-	the page's layout	Did violate so itself. / Ento. Alack, alack!
3.10	29	929	P4 marks neither half	-/-	the page's layout	Most grossly, by his own! / Erto. Ay, are you thereabouts ?
3.10	33	929	P4 marks neither half	-/-	the page's layout	What furtner comes. / Can. To Cæsar will I render
3.10	35	929	P4 marks neither half	-/-	the page's layout	Show me the way of yielding. / Eno. I'll yet follow
3.11	6	929	P4 marks neither half	-/-	the page's layout	And make your peace with Cæsar. / All. Fly! not we.
3.11	50	929	P4 marks neither half	-/-	the page's layout	A most unnoble swerving. / Eros. Sir, the queen.
3.11	54	929	P4 marks neither half	-/-	the page's layout	"""Stroy'd in dishonour. / Cleo. O my lord, my lord,"
3.11	56	929	P4 marks neither half	-/-	the page's layout	You would have follow'd. / Ant. Egypt, thou knew’st too well
3.11	61	929	P4 marks neither half	-/-	the page's layout	Command me. / Cleo. O, my pardon! / Ant. Now I must
3.11	68	929	P4 marks neither half	-/-	the page's layout	Obey it on all cause. / Cleo. Pardon, pardon!
3.12	2	929	P4 marks neither half	-/-	the page's layout	Know you him? / Dol. Cæsar, 'tis his schoolmaster:
3.12	6	930	P4 marks neither half	-/-	the page's layout	Not many moons gone by. / Cœs. Approach, and speak.
3.12	10	930	P4 marks neither half	-/-	the page's layout	To his grand sea. / Cæs. Be’t so; declare thine office.
3.12	19	930	P4 marks neither half	-/-	the page's layout	Now hazarded to thy grace. / Cœs. For Antony,
3.12	25	930	P4 marks neither half	-/-	the page's layout	Euph. Fortune pursue thee! / Cœs. Bring him through the bands.
3.12	33	930	P4 marks neither half	-/-	the page's layout	Will answer as a law. / Thyr. Cæsar, I go.
3.12	36	930	P4 marks neither half	-/-	the page's layout	In every power that moves. / Thyr. Cæsar, I shall. [Exeunt.
3.13	1	930	P4 marks neither half	-/-	the page's layout	Cleo. What shall we do, Enobarbus? / Eno. Think, and die.
3.13	12	930	P4 marks neither half	-/-	the page's layout	And leave his navy gazing. / Cleo. Prithee, peace.
3.13	16	930	P4 marks neither half	-/-	the page's layout	Will vield us up. / Euph. He says so. / Ant Let her know't.
3.13	19	930	P4 marks neither half	-/-	the page's layout	With principalities. / Cleo. That head, my lord?
3.13	29	930	P4 marks neither half	-/-	the page's layout	Eno. [Aside] Yes, like enough, high-battled / Cæsar will
3.13	37	930	P4 marks neither half	-/-	the page's layout	His judgement too. / Att. A messenger from Cæsar.
3.13	41	930	P4 marks neither half	-/-	the page's layout	Eno. [Asidel Mine honesty and I begin to / square.
3.13	46	930	P4 marks neither half	-/-	the page's layout	And earns a place i' the story. / Cleo. Cæsar's will?
3.13	47	930	P4 marks neither half	-/-	the page's layout	Thyr. Hear it apatt. / Cleo. None but friends: say boldly.
3.13	52	930	P4 marks neither half	-/-	the page's layout	Whose he is we are, and that is, Cæsar's / Thyr. So.
3.13	55	930	P4 marks neither half	-/-	the page's layout	Further than he is Cæsar. / Cleo. Goon: right royal.)
3.13	60	931	P4 marks neither half	-/-	the page's layout	Not as deserved. / Cleo. He is a god, and knows
3.13	62	931	P4 marks neither half	-/-	the page's layout	But conquer'd merely. / Eno. [Aside] To be sure of that,
3.13	65	931	P4 marks neither half	-/-	the page's layout	Thy dearest quit thee. [Exit. / Thyr. Shall I say to Cæsar
3.13	72	931	P4 marks neither half	-/-	the page's layout	The universal landlord. / Cleo. What’s your name?
3.13	73	931	P4 marks neither half	-/-	the page's layout	Thyr. My name is Thyreus. / Cleo. Most kind messenger,
3.13	78	931	P4 marks neither half	-/-	the page's layout	The doom of Egypt. / Thyr Tis vour noblest course.
3.13	82	931	P4 marks neither half	-/-	the page's layout	My duty on your hand. / Cleo. Your Cæsar’s father oft,
3.13	85	931	P4 marks neither half	-/-	the page's layout	As it rain’d kisses. / Ant. Favours, by Jove that thunders!
3.13	86	931	P4 marks neither half	-/-	the page's layout	What art thou, fellow? / Thyr One that but performs
3.13	88	931	P4 marks neither half	-/-	the page's layout	To have command obey’d. / Eno. Lside] You will be whipp’d.
3.13	94	931	P4 marks neither half	-/-	the page's layout	Eno. LAsidel Tis better playing with a lion’ / whelp
3.13	95	931	P4 marks neither half	-/-	the page's layout	Than with an old one dying. / Ant. Moon and stars!
3.13	102	931	P4 marks neither half	-/-	the page's layout	Thyr. Mark Antony! / Ant. Tug him away: being whipp’d,
3.13	109	931	P4 marks neither half	-/-	the page's layout	By one that looks on feeders? / Cleo. Good my lord,—
3.13	115	931	P4 marks neither half	-/-	the page's layout	To our confusion. / Cleo. O, is’t come to this?
3.13	122	931	P4 marks neither half	-/-	the page's layout	You know not what it is. / Cleo. Wherefore is this?
3.13	132	931	P4 marks neither half	-/-	the page's layout	First Att. Soundly, my lord. / Ant. Cried he? and begg’d a' pardon?
3.13	153	931	P4 marks neither half	-/-	the page's layout	Cleo. Have you done yet? / Ant. Alack, our terrene moon
3.13	155	931	P4 marks neither half	-/-	the page's layout	The fall of Antony! / Cleo. I must stay his time.
3.13	157	931	P4 marks neither half	-/-	the page's layout	With one that ties his points? / Cleo. Not know me yet?
3.13	158	931	P4 marks neither half	-/-	the page's layout	Ant. Cold-hearted toward me? / Cleo. Ah, dear, if I be so,
3.13	167	932	P4 marks neither half	-/-	the page's layout	Have buried them for prey! / Ant. I am satisfied.
3.13	185	932	P4 marks neither half	-/-	the page's layout	Let’s mock the midnight bell. / Cleo. It is my birth-day:
3.2	6	924	P4 marks neither half	-/-	the page's layout	With the green sickness. / Agr. Tis a noble Lepidus.
3.2	19	925	P4 marks neither half	-/-	the page's layout	Kneel down, kneel down, and wonder. / Agr. Both he loves.
3.2	33	925	P4 marks neither half	-/-	the page's layout	This be not cherish'd. / Ant. Make me not offended
3.2	34	925	P4 marks neither half	-/-	the page's layout	In your distrust. / Cœs. I have said. / Ant. You shall not find,
3.2	45	925	P4 marks neither half	-/-	shared-lines.tsv (image)	Oct. Sir, look well to my husband’s house; / and— / Cæs. What, / Octavia?
3.2	52	925	P4 marks neither half	-/-	the page's layout	Eno. [Aside to Agr.] He were the worse for / that, were he a horse;
3.2	53	925	P4 marks neither half	-/-	shared-lines.tsv (image+folger)	So is he, being a man. / Agr. [Aside to Eno.] Why, Enobarbus,
3.2	57	925	P4 marks neither half	-/-	the page's layout	Eno. [Aside to Agr.] That year, indeed, he / was troubled with a rheum;
3.2	59	925	P4 marks neither half	-/-	the page's layout	"Believe ""t, till I wept too. / Cæs. No, sweet Octavia,"
3.2	61	925	P4 marks neither half	-/-	the page's layout	Out-go my thinking on you. / Ant. Come, sir, come;
3.2	64	925	P4 marks neither half	-/-	the page's layout	And give you to the gods. / Cæs. Adieu; be happy!
3.2	66	925	P4 marks neither half	-/-	the page's layout	To thy fair way! / Cas. Farewell, farewell! [Kisses Octavia. / Ant. Farewell!
3.3	1	925	P4 marks neither half	-/-	the page's layout	Cleo. Where is the fellow? / Alex. Half afeard to come.
3.3	2	925	P4 marks neither half	-/-	the page's layout	Cleo. Go to, go to. / Come hither, sir. / Alex. Good majesty,
3.3	4	925	P4 marks neither half	-/-	the page's layout	But when you are well pleased. / Cleo. That Herod’s head
3.3	14	925	P4 marks neither half	-/-	the page's layout	Cleo. Is she as tall as me? / Mess. She is not, madam.
3.3	21	925	P4 marks neither half	-/-	the page's layout	If e'er thou look’dst on majesty. / Mess. She creeps:
3.3	24	925	P4 marks neither half	-/-	the page's layout	A statue than a breather. / Cleo. Is this certain?
3.3	25	925	P4 marks neither half	-/-	the page's layout	Mess. Or I have no observance. / Char. Three in Egypt
3.3	26	925	P4 marks neither half	-/-	the page's layout	Cannot make better note. / Cleo. He’s very knowing;
3.3	28	925	P4 marks neither half	-/-	the page's layout	The fellow has good judgement. / Char. Excellent.
3.3	29	925	P4 marks neither half	-/-	the page's layout	Cleo. Guess at her years, I prithee. / Mess. Madam,
3.3	30	925	P4 marks neither half	-/-	the page's layout	She was a widow,— / Cleo. Widow! Charmian, hark.
3.3	37	925	P4 marks neither half	-/-	the page's layout	As low as she would wish it. / Cleo. There ’s gold for thee.
3.3	41	926	P4 marks neither half	-/-	the page's layout	Our letters are prepared. (Exit Messenger. / Char. A proper man.
3.3	44	926	P4 marks neither half	-/-	the page's layout	This creature’s no such thing. / Char. Nothing, madam.
3.4	10	926	P4 marks neither half	-/-	the page's layout	Or did it from his teeth. / Oct. O my good lord,
3.4	20	926	P4 marks neither half	-/-	the page's layout	"""Twixt these extremes at all. / Ant. Gentle Octavia,"
3.4	28	926	P4 marks neither half	-/-	the page's layout	So your desires are yours. / Oct. Thanks to my lord.
3.5	20	926	P4 marks neither half	-/-	the page's layout	That murder'd Pompey. / Eno. Our great navy’s rigg’d.
3.5	23	926	P4 marks neither half	-/-	the page's layout	"I might have told hereafter. / Eno. ""Twill be naught:"
3.6	11	926	P4 marks neither half	-/-	the page's layout	Absolute queen. / Mec. This in the public eye?
3.6	19	926	P4 marks neither half	-/-	shared-lines.tsv (image)	As ’tis reported, so. / Mec. Let Rome be thus / Inform’d.
3.6	23	927	P4 marks neither half	-/-	the page's layout	His accusations. / Agr. Who does he accuse?
3.6	30	927	P4 marks neither half	-/-	the page's layout	All his revenue. / Agr. Sir, this should be answer'd.
3.6	37	927	P4 marks neither half	-/-	the page's layout	Demand the like. / Mec. He’ll never yield to that.
3.6	55	927	P4 marks neither half	-/-	the page's layout	With an augmented greeting. / Oct. Good my lord,
3.6	60	927	P4 marks neither half	-/-	the page's layout	His pardon for return. / Cæs. Which soon he granted,
3.6	62	927	P4 marks neither half	-/-	the page's layout	Oct. Do not say so, my lord. / Cœs. I have eyes upon him,
3.6	64	927	P4 marks neither half	-/-	the page's layout	Where is he now ? / Oct. My lord, in Athens.
3.6	76	927	P4 marks neither half	-/-	the page's layout	With a more larger list of sceptres. / Oct. Ay me, most wretched,
3.6	78	927	P4 marks neither half	-/-	the page's layout	That do afflict each other! / Cœs. Welcome hither:
3.6	90	927	P4 marks neither half	-/-	the page's layout	And ever welcome to us. / Agr. Welcome, lady.
3.6	96	927	P4 marks neither half	-/-	the page's layout	That noises it against us. / Oct. Is it so, sir?
3.7	4	927	P4 marks neither half	-/-	the page's layout	And say'st it is not fit. / Eno. Well, is it, is it?
3.7	10	927	P4 marks neither half	-/-	the page's layout	A soldier and his horse. / Cleo. What is't you say?
3.7	16	927	P4 marks neither half	-/-	the page's layout	Manage this war. / Cleo. Sink Rome, and their tongues rot
3.7	20	927	P4 marks neither half	-/-	the page's layout	I will not stay behind. / Eno. Nay, I have done.
3.7	21	927	P4 marks neither half	-/-	the page's layout	Here comes the emperor. / Ant. Is it not strange, Canidius,
3.7	26	927	P4 marks neither half	-/-	the page's layout	Than by the negligent. / Ant. A good rebuke,
3.7	29	928	P4 marks neither half	-/-	the page's layout	Will fight with him by sea. / Cleo. By sea! what else?
3.7	30	928	P4 marks neither half	-/-	the page's layout	Can. Why will my lord do so? / Ant. For that he dares us to’t.
3.7	35	928	P4 marks neither half	-/-	the page's layout	And so should you. / Eno. Your ships are not well mann’d;
3.7	41	928	P4 marks neither half	-/-	the page's layout	Being prepared for land. / Ant. By sea, by sea.
3.7	49	928	P4 marks neither half	-/-	the page's layout	From firm security. / Ant. I’Il fight at sea.
3.7	67	928	P4 marks neither half	-/-	the page's layout	And fighting foot to foot. / Ant. Well, well: away!
3.7	71	928	P4 marks neither half	-/-	the page's layout	And we are women’s men. / Sold. You keep by land
3.7	76	928	P4 marks neither half	-/-	the page's layout	Carries beyond belief. / Sold. While he was yet in Rome,
3.7	78	928	P4 marks neither half	-/-	the page's layout	Beguiled all spies. / Can. Who’s his lieutenant, hear you?
3.7	79	928	P4 marks neither half	-/-	the page's layout	Sold. They say, one Taurus. / Can. Well I know the man.
4.1	6	932	P4 marks neither half	-/-	the page's layout	Laugh at his challenge. / Mec. Cæsar must think,
4.1	10	932	P4 marks neither half	-/-	the page's layout	Made good guard for itself. / Cœs. Let our best heads 1o
4.10	2	935	P4 marks neither half	-/-	the page's layout	We please them not by land. / Scar. For both, my lord.
4.12	3	935	P4 marks neither half	-/-	the page's layout	Straight, how ’tis like to go. IExit. / Scar. Swallows have built
4.12	9	935	P4 marks neither half	-/-	the page's layout	Of what he has, and has not. / Ani. All is lost;
4.13	3	936	P4 marks neither half	-/-	the page's layout	Was never so emboss’d. / Char. To the monument!
4.13	6	936	P4 marks neither half	-/-	the page's layout	Than greatness going off. / Cleo. To the monument!
4.14	1	936	P4 marks neither half	-/-	the page's layout	Ant. Eros, thou yet behold’st me? / Eros. Ay, noble lord.
4.14	8	936	P4 marks neither half	-/-	the page's layout	They are black vesper’s pageants. / Eros. Ay, my lord.
4.14	11	936	P4 marks neither half	-/-	the page's layout	As water is in water. / Eros. It does, my lord.
4.14	23	936	P4 marks neither half	-/-	the page's layout	She has robb'd me of my sword. / Mar. No, Antony;
4.14	25	936	P4 marks neither half	-/-	the page's layout	With thine entirely. / Ant Hence, saucy eunuch; peace E
4.14	34	936	P4 marks neither half	-/-	the page's layout	Thy name so buried in her. / Ant. Dead, then? / Mar. Dead.
4.14	55	937	P4 marks neither half	-/-	the page's layout	Eros. What would my lord? / Ant. Since Cleopatra died,
4.14	69	937	P4 marks neither half	-/-	the page's layout	Put colour in thy cheek. / Eros. The gods withhold me !
4.14	71	937	P4 marks neither half	-/-	the page's layout	Though enemy, lost aim, and could not? / Ant. Eros,
4.14	77	937	P4 marks neither half	-/-	the page's layout	His baseness that ensued? / Eros. I would not see’t.
4.14	80	937	P4 marks neither half	-/-	the page's layout	Most useful for thy country. / Eros. O, sir, pardon me!
4.14	88	937	P4 marks neither half	-/-	the page's layout	Eros. My sword is drawn. / Ant. Then let it do at once
4.14	89	937	P4 marks neither half	-/-	the page's layout	The thing why thou hast drawn it. / Eros. My dear master,
4.14	93	937	P4 marks neither half	-/-	the page's layout	Eros. Farewell, great chief. Shall I strike  / Ant. Now, Eros.
4.14	95	937	P4 marks neither half	-/-	the page's layout	Of Antony’s death. [Kills himself. / Ant. Thrice-nobler than myself!
4.14	104	937	P4 marks neither half	-/-	the page's layout	The guard, ho! O, dispatch me! / First Guard. What’s the noise?
4.14	106	937	P4 marks neither half	-/-	the page's layout	Of what I have begun. / Sec. Guard. The star is fall’n.
4.14	107	937	P4 marks neither half	-/-	the page's layout	First Guard. And time is at his period. / All. Alas, and woe!
4.14	108	937	P4 marks neither half	-/-	the page's layout	Ant. Let him that loves me strike me dead. / First Guard. Not I.
4.14	114	937	P4 marks neither half	-/-	the page's layout	Dio. Where’s Antony? / Der. There, Diomed there. / Dio. Lives he ?
4.14	117	937	P4 marks neither half	-/-	the page's layout	Sufficing strokes for death. / Dio. Most absolute lord,
4.14	119	937	P4 marks neither half	-/-	the page's layout	Ant. When did she send thee? / Dio. Now, my lord. / Ant. Where is she ?
4.14	134	937	P4 marks neither half	-/-	the page's layout	All your true followers out. / All. Most heavy day!
4.15	2	938	P4 marks neither half	-/-	the page's layout	Char. Be comforted, dear madam. / Cleo. No, I will not:
4.15	9	938	P4 marks neither half	-/-	the page's layout	His guard have brought him thither. / Cleo. O sun,
4.15	13	938	P4 marks neither half	-/-	the page's layout	Help, friends below; let’s draw him hither. / Ant. Peace!
4.15	21	938	P4 marks neither half	-/-	the page's layout	I lay upon thy lips. / Cleo. I dare not, dear,—
4.15	31	938	P4 marks neither half	-/-	the page's layout	Assist, good friends. / Ant. O, quick, or I am gone.
4.15	40	938	P4 marks neither half	-/-	the page's layout	Thus would I wear them out. / All. A heavy sight!
4.15	45	938	P4 marks neither half	-/-	the page's layout	Provoked by my offence. / Ant. One word, sweet queen:
4.15	47	938	P4 marks neither half	-/-	the page's layout	Cleo. They do not go together. / Ant. Gentle, hear me:
4.15	59	938	P4 marks neither half	-/-	the page's layout	I can no more. / Cleo. Noblest of men, woo’t die?
4.15	68	938	P4 marks neither half	-/-	the page's layout	Beneath the visiting moon. FFaints. / Char. O, quietness, lady!
4.15	69	938	P4 marks neither half	-/-	the page's layout	Iras. She is dead too, our sovereign. / Char. Lady! / Irar. Madam!
4.15	70	938	P4 marks neither half	-/-	the page's layout	Char. O madam, madam, madam! / Iras. Royal Egypt,
4.2	1	932	P4 marks neither half	-/-	the page's layout	Ant. He will not fight with me, Domitius. / Eno. No
4.2	4	932	P4 marks neither half	-/-	the page's layout	He is twenty men to one. / Ant. To-morrow, soldier,
4.2	8	932	P4 marks neither half	-/-	the page's layout	Eno. I’Il strike, and cry “Take all. / Ant. Well said; come on.
4.2	13	932	P4 marks neither half	-/-	the page's layout	And kings have been your fellows. / Cleo. (Aside to Ena. ] What means this?
4.2	14	932	P4 marks neither half	-/-	the page's layout	"Eno. [Aside to Cleo.] ""Tis one of those odd / tricks which sorrow shoots"
4.2	15	932	P4 marks neither half	-/-	the page's layout	Out of the mind. / Ant. And thou art honest too.
4.2	19	932	P4 marks neither half	-/-	the page's layout	So good as you have done. / All. The gods forbid!
4.2	23	932	P4 marks neither half	-/-	shared-lines.tsv (folger)	And suffer’d my command. / Cleo. [Aside to Eno.] What does he mean?
4.2	24	932	P4 marks neither half	-/-	the page's layout	Eno. [Aside to Cleo.] To make his followers / weep. / Ant. Tend me to-night;
4.2	33	932	P4 marks neither half	-/-	the page's layout	And the gods vield you for't! / Eno. What mean you, sir,
4.2	36	933	P4 marks neither half	-/-	the page's layout	Transform us not to women. / Ant. Ho, ho, ho!
4.3	11	933	P4 marks neither half	-/-	the page's layout	Our landmen will stand up. / Third Sold. Tis a brave army,
4.3	12	933	P4 marks neither half	-/-	the page's layout	And full of purpose. / Fourth Sold. Peace! what noise? / First Sold. List, list!
4.3	13	933	P4 marks neither half	-/-	the page's layout	Sec. Sold. Hark! / Farst Sold. Music i' the air / Third Sold. Under the earth.
4.3	14	933	P4 marks neither half	-/-	the page's layout	Fourth Sold. It signs well, does it not? / Third Sold. No. / Fixst Sold. Peace, I say!
4.3	19	933	P4 marks neither half	-/-	the page's layout	Do hear what we do? / Sec. Sold. How now, masters! / All. [Speaking together] How now!
4.3	20	933	P4 marks neither half	-/-	the page's layout	How now! do you hear this? / First Sold. Ay; is’t not strange?
4.3	23	933	P4 marks neither half	-/-	the page's layout	Let’s see how it will give off. / All. Content. Tis strange. [Exeunt.
4.4	1	933	P4 marks neither half	-/-	the page's layout	Ant. Eros! mine armour, Eros! / Cleo. Sleep a little.
4.4	5	933	P4 marks neither half	-/-	the page's layout	Because we brave her: come. / Cleo. Nay, I’Il help too.
4.4	6	933	P4 marks neither half	-/-	the page's layout	What’s this for? / Anl. Ah, let be, let be! thou art
4.4	8	933	P4 marks neither half	-/-	the page's layout	Cleo. Sooth, la, I’Il help: thus it must be. / Ant. Well, well:
4.4	10	933	P4 marks neither half	-/-	the page's layout	Go put on thy defences. / Eros. Briefiy, sir.
4.4	11	933	P4 marks neither half	-/-	the page's layout	Cleo. Is not this buckled well? / Ant. Rarely, rarely:
4.4	21	933	P4 marks neither half	-/-	the page's layout	And go to’t with delight. / SSold. A thousand, sir,
4.4	25	933	P4 marks neither half	-/-	the page's layout	"All. Good morrow, general. / Ant. ""Tis well blown, lads:"
4.4	35	933	P4 marks neither half	-/-	the page's layout	Char. Please you, retire to your chamber. / Cleo. Lead me.
4.5	3	933	P4 marks neither half	-/-	the page's layout	To make me fight at land! / Sold. Hadst thou done so,
4.5	6	934	P4 marks neither half	-/-	the page's layout	Follow’d thy heels. / Ant. Who’s gone this morning? / Sold. Who!
4.5	9	934	P4 marks neither half	-/-	the page's layout	Say“ I am none of thine. / Ant. What say’st thou? / Sold. Sir,
4.5	10	934	P4 marks neither half	-/-	the page's layout	He is with Cæsar. / Eros. Sir, his chests and treasure
4.5	11	934	P4 marks neither half	-/-	the page's layout	He has not with him. / Ant. Is he gone? / Sold. Most certain.
4.6	7	934	P4 marks neither half	-/-	the page's layout	Shall bear the olive freely. / Mess. Antony
4.6	8	934	P4 marks neither half	-/-	the page's layout	Is come into the field. / Cœs. Go charge Agrippa
4.6	20	934	P4 marks neither half	-/-	the page's layout	That I will joy no more. / Sold. Enobarbus, Antony
4.6	24	934	P4 marks neither half	-/-	the page's layout	Unloading of his mules. / Eno. I give it you.
4.7	6	934	P4 marks neither half	-/-	the page's layout	With clouts about their heads. / Ant. Thou bleed’st apace.
4.7	8	934	P4 marks neither half	-/-	the page's layout	But now 'tis made an H. / Ant. They do retire.
4.7	12	934	P4 marks neither half	-/-	the page's layout	For a fair victory. / Scar. Let us score their backs,
4.7	14	934	P4 marks neither half	-/-	the page's layout	Tis sport to maul a runner. / Ant. I will reward thee
4.7	16	934	P4 marks neither half	-/-	the page's layout	For thy good valour. Come thee on. / Scar. I’ll halt after. [Exeunt.
4.8	16	935	P4 marks neither half	-/-	the page's layout	Ride on the pants triumphing! / Cleo. Lord of lords!
4.8	18	935	P4 marks neither half	-/-	the page's layout	The world’s great snare uncaught? / Ant. My nightingale,
4.8	26	935	P4 marks neither half	-/-	the page's layout	Destroy’d in such a shape. / Cleo. I'Il give thee, friend,
4.9	4	935	P4 marks neither half	-/-	the page's layout	By the second hour i' the morn. / Sec. Sold. This last day was
4.9	5	935	P4 marks neither half	-/-	the page's layout	A shrewd one to 's. / Eno. O, bear me witness, night.—
4.9	6	935	P4 marks neither half	-/-	the page's layout	Third Sold. What man is this? / Sec. Sold. Stand close, and list him.
4.9	10	935	P4 marks neither half	-/-	the page's layout	Before thy face repent! / First Sold. Enobarbus! / Third Sold. Peace!
4.9	23	935	P4 marks neither half	-/-	the page's layout	Q Antony! O Anteny! IDies. / Sec. Sold. Let’s speak
4.9	26	935	P4 marks neither half	-/-	the page's layout	May concern Cæsar. / Third Sold. Let’s do so. But he sleeps.
4.9	28	935	P4 marks neither half	-/-	the page's layout	Was never yet for sleep. / Sec. Sold. Go we to him.
4.9	29	935	P4 marks neither half	-/-	the page's layout	Third Sold. Awake, sir, awake; speak to us. / Sec. Sold. Hear you, sir?
5.1	3	939	P4 marks neither half	-/-	the page's layout	The pauses that he makes. / Dol. Cæsar, I shall. LExit.
5.1	5	939	P4 marks neither half	-/-	the page's layout	Appear thus to us ? / Der. I am call’d Dercetas;
5.1	12	939	P4 marks neither half	-/-	the page's layout	I yield thee up my life. / Cœs. What is’t thou say’st?
5.1	19	939	P4 marks neither half	-/-	the page's layout	A moiety of the world. / Der. He is dead, Cæsar;
5.1	26	939	P4 marks neither half	-/-	the page's layout	With his most noble blood. / Cœs. Look you sad, friends?
5.1	28	939	P4 marks neither half	-/-	the page's layout	To wash the eyes of kings. / Agr. And strange it is,
5.1	30	939	P4 marks neither half	-/-	the page's layout	Our most persisted deeds. / Mec. His taints and honours
5.1	31	939	P4 marks neither half	-/-	the page's layout	Waged equal with him. / Agr. A rarer spirit never
5.1	35	939	P4 marks neither half	-/-	the page's layout	He needs must see himself. / Cœs. O Antony!
5.1	56	939	P4 marks neither half	-/-	the page's layout	To the way she’s forced to. / Cœs. Bid her have good heart :
5.1	60	939	P4 marks neither half	-/-	shared-lines.tsv (folger)	To be ungentle. / Egyp. So the gods preserve thee! [Exit.
5.1	68	939	P4 marks neither half	-/-	the page's layout	And how you find of her. / Pro. Cæsar, I shall. [Exit.
5.1	70	939	P4 marks neither half	-/-	the page's layout	To second Proculeius ? / All. Dolabella!
5.2	11	939	P4 marks neither half	-/-	the page's layout	Thou mean’st to have him grant thee. / Cleo. What’s thy name?
5.2	12	939	P4 marks neither half	-/-	the page's layout	Pro. My name is Proculeius. / Cleo. Antony
5.2	21	939	P4 marks neither half	-/-	the page's layout	Will kneel to him with thanks / Pro. Be of good cheer;
5.2	28	939	P4 marks neither half	-/-	the page's layout	Where he for grace is kneel’d to. / Cleo. Pray you, tell him
5.2	32	940	P4 marks neither half	-/-	the page's layout	Look him i' the face. / Pro. This I’Il report, dear lady.
5.2	39	940	P4 marks neither half	-/-	the page's layout	Cleo. Quick, quick, good hands. / Pro. Hold, worthy lady, hold :
5.2	41	940	P4 marks neither half	-/-	the page's layout	Relieved, but not betray'd. / Cleo. What, of death too,
5.2	42	940	P4 marks neither half	-/-	the page's layout	That rids our dogs of languish? / Pro. Cleopatra,
5.2	46	940	P4 marks neither half	-/-	the page's layout	Will never let come forth. / Cleo. Where art thou, death?
5.2	48	940	P4 marks neither half	-/-	the page's layout	Worth many babes and beggars ! / Pro. O, temperance, lady!
5.2	62	940	P4 marks neither half	-/-	the page's layout	And hang me up in chains ! / Pro. You do extend
5.2	64	940	P4 marks neither half	-/-	the page's layout	Find cause in Cæsar. / Dol. Proculeius,
5.2	67	940	P4 marks neither half	-/-	the page's layout	L’Il take her to my guard. / Pro. So, Dolabella,
5.2	70	940	P4 marks neither half	-/-	the page's layout	If you ’ll employ me to him. / Clec. Say, I would die.
5.2	72	940	P4 marks neither half	-/-	the page's layout	Cleo. I cannot tell. / Dol. Assuredly you know me.
5.2	75	940	P4 marks neither half	-/-	the page's layout	Is’t not your trick? / Dol. I understand not, madam.
5.2	78	940	P4 marks neither half	-/-	the page's layout	But such another man! / Doĺ If it might please ye,—
5.2	81	940	P4 marks neither half	-/-	the page's layout	The little O, the earth. / Dol. Most sovereign creature.—
5.2	92	940	P4 marks neither half	-/-	the page's layout	As plates dropp’d from his pocket. / Dol. Cleopatra!
5.2	94	940	P4 marks neither half	-/-	the page's layout	As this I dream'd of? / Dol. Gentle madam, no.
5.2	100	940	P4 marks neither half	-/-	the page's layout	Condemning shadows quite. / Dol. Hear me, good madam.
5.2	105	940	P4 marks neither half	-/-	the page's layout	My very heart at root. / Cleo. I thank you, sir.
5.2	108	940	P4 marks neither half	-/-	the page's layout	Cleo. Nay, pray you, sir, — / Dol. Though he be honourable, —
5.2	114	940	P4 marks neither half	-/-	the page's layout	I pray you, rise; rise, Egypt. / Cleo. Sir, the gods
5.2	116	940	P4 marks neither half	-/-	the page's layout	I must obey. / Cæs. Take to you no hard thoughts :
5.2	124	941	P4 marks neither half	-/-	the page's layout	Have often shamed our sex. / Cœs. Cleopatra, know,
5.2	147	941	P4 marks neither half	-/-	the page's layout	Speak that which is not. / Cleo. What have I kept back ?
5.2	150	941	P4 marks neither half	-/-	the page's layout	Your wisdom in the deed. / Cleo. See, Cæsar ! O, behold, 150.
5.2	158	941	P4 marks neither half	-/-	the page's layout	O rarely base! / Cæs. Good queen, let us entreat you.
5.2	175	941	P4 marks neither half	-/-	the page's layout	Thou wouldst have mercy on me. / Cœs. Forbear, Seleucus.
5.2	179	941	P4 marks neither half	-/-	shared-lines.tsv (folger)	Are therefore to be pitied. / Cœes. Cleopatra,
5.2	190	941	P4 marks neither half	-/-	the page's layout	Céeo. My master, and my lord! / Cæs. Not so. Adieu.
5.2	194	941	P4 marks neither half	-/-	the page's layout	And we are for the dark / Cleo. Hie thee again:
5.2	196	941	P4 marks neither half	-/-	the page's layout	Go put it to the haste. / Char. Madam, I will.
5.2	197	941	P4 marks neither half	-/-	the page's layout	Dol. Where is the queen? / Char. Behold, sir. (Exit. / Cleo. Dolabella!
5.2	204	941	P4 marks neither half	-/-	the page's layout	Your pleasure and my promise. / Cleo. Dolabella,
5.2	205	941	P4 marks neither half	-/-	the page's layout	I shall remain your debtor. / Doĺ. I your servant.
5.2	213	941	P4 marks neither half	-/-	the page's layout	And forced to drink their vapour. / Iras. The gods forbid !
5.2	221	942	P4 marks neither half	-/-	the page's layout	I' the posture of a whore. / Tras. O the good gods!
5.2	224	942	P4 marks neither half	-/-	the page's layout	Are stronger than mine eyes. / Cleo. Why, that’s the way
5.2	233	942	P4 marks neither half	-/-	the page's layout	Wherefore’s this noise? / Guard. Here is a rural fellow
5.2	241	942	P4 marks neither half	-/-	the page's layout	No planet is of mine. / Guard. This is the man.
5.2	303	942	P4 marks neither half	-/-	the page's layout	The gods themselves do weep! / Cleo. This proves me base:
5.2	311	942	P4 marks neither half	-/-	shared-lines.tsv (folger)	Unpolicied! / Char. O eastern star! / Cleo. Peace, peace!
5.2	313	942	P4 marks neither half	-/-	the page's layout	That sucks the nurse asleep? / Char. 1O, break! O, break !
5.2	323	943	P4 marks neither half	-/-	the page's layout	First Guard. Where is the queen? / Char. Speak softly, wake her not.
5.2	324	943	P4 marks neither half	-/-	the page's layout	First Guard. Cæsar hath sent– / Char. Too slow a messenger.
5.2	333	943	P4 marks neither half	-/-	the page's layout	Sec. Guard. All dead. / Dol. Cæsar, thy thoughts
5.2	338	943	P4 marks neither half	-/-	the page's layout	That you did fear is done. / Cæs. Bravest at the last,,
5.2	341	943	P4 marks neither half	-/-	the page's layout	I do not see them bleed. / Dol. Who was last with them?
5.2	343	943	P4 marks neither half	-/-	the page's layout	This was his basket. / Cœs. Poison'd, then. / First Guard. O Cæsar,
5.2	347	943	P4 marks neither half	-/-	the page's layout	And on the sudden dropp’d. / Cæs. O noble weakness!
5.2	351	943	P4 marks neither half	-/-	the page's layout	In her strong toil of grace. / Dol. Here, on her breast,
5.2	356	943	P4 marks neither half	-/-	the page's layout	Upon the caves of Nile. / Cœs. Most probable
