page	scene	line	finding	band	rows
911	1.1	4	continuation row inside <p>	turnover	turn,
911	1.1	10	continuation row inside <p>	displaced	Look, where they côme:
911	1.1	15	continuation row inside <p>	turnover	reckon'd.
911	1.1	17	continuation row inside <p>	turnover	heaven, new earth.
911	1.1	18	continuation row inside <p>	displaced	Ant Grates me : the sum.
911	1.1	24	continuation row inside <p>	displaced	Ant. How, my love!
911	1.1	28	continuation row inside <p>	turnover	both?
911	1.1	31	continuation row inside <p>	turnover	shame
911	1.1	32	continuation row inside <p>	turnover	messengers!
911	1.1	33	continuation row inside <p>	turnover	arch
911	1.1	40	continuation row inside <p>	displaced	Cleo. Excellent falsehood!
911	1.1	43	continuation row inside <p>	displaced	Ant. But stirr’d by Cleopatra.
911	1.1	45	continuation row inside <p>	turnover	harsh:
911	1.1	48	continuation row inside <p>	displaced	Ant. Fie, wrangling queen!
912	1.1	53	continuation row inside <p>	turnover	note
912	1.1	59	continuation row inside <p>	displaced	Dem. I am full sorry
912	1.2	8	continuation row inside <p>	turnover	know things?
912	1.2	10	continuation row inside <p>	displaced	Alex. Show him your hand.
912	1.2	11	continuation row inside <p>	turnover	enough
912	1.2	22	continuation row inside <p>	turnover	beloved.
912	1.2	31	continuation row inside <p>	turnover	serve.
912	1.2	32	continuation row inside <p>	turnover	than figs.
912	1.2	33	continuation row inside <p>	turnover	former fortune
912	1.2	83	continuation row inside <p>	displaced	Char. Not he; the queen.
912	1.2	84	continuation row inside <p>	displaced	Eno. No, lady.
912	1.2	84	continuation row inside <p>	displaced	Cleo. Was he not here?
912	1.2	86	continuation row inside <p>	turnover	sudden
912	1.2	89	continuation row inside <p>	turnover	Alexas ?
912	1.2	90	continuation row inside <p>	turnover	approaches.
912	1.2	96	continuation row inside <p>	turnover	Cæsar;
913	1.2	98	continuation row inside <p>	displaced	Ant. Well, what worst?
913	1.2	99	continuation row inside <p>	turnover	teller.
913	1.2	103	continuation row inside <p>	displaced	Mess. Labienus—
913	1.2	108	continuation row inside <p>	start	Ant. Antony, thou wouldst say,—
913	1.2	108	continuation row inside <p>	displaced	Mess. O, my lord!
913	1.2	109	continuation row inside <p>	turnover	general tongue:
913	1.2	113	continuation row inside <p>	turnover	weeds,
913	1.2	114	continuation row inside <p>	turnover	told us
913	1.2	117	continuation row inside <p>	turnover	there!
913	1.2	118	continuation row inside <p>	turnover	such an one?
913	1.2	119	continuation row inside <p>	displaced	Ant. Let him appear.
913	1.2	121	continuation row inside <p>	displaced	What are you?
913	1.2	122	continuation row inside <p>	displaced	Ant. Where died she ?
913	1.2	124	continuation row inside <p>	turnover	serious
913	1.2	125	continuation row inside <p>	displaced	Ant. Forbear me!
913	1.2	126	continuation row inside <p>	turnover	desire it:
913	1.2	131	continuation row inside <p>	turnover	her on.
913	1.2	178	continuation row inside <p>	turnover	state
913	1.2	199	continuation row inside <p>	turnover	breeding,
913	1.3	1	continuation row inside <p>	displaced	Char. I did not see him since.
914	1.3	2	continuation row inside <p>	turnover	he does:
914	1.3	6	continuation row inside <p>	turnover	dearly,
914	1.3	8	continuation row inside <p>	displaced	Cleo. What should I do, I do not?
914	1.3	9	continuation row inside <p>	turnover	in nothing.
914	1.3	10	continuation row inside <p>	turnover	lose him.
914	1.3	11	continuation row inside <p>	turnover	forbear:
914	1.3	13	continuation row inside <p>	displaced	Cleo. I am sick and sullen.
914	1.3	14	continuation row inside <p>	turnover	purpose,—
914	1.3	15	continuation row inside <p>	turnover	fall:
914	1.3	17	continuation row inside <p>	displaced	Ant. Now, my dearest queen.—
914	1.3	18	continuation row inside <p>	displaced	Ant. What’s the matter?
914	1.3	19	continuation row inside <p>	turnover	good news.
914	1.3	24	continuation row inside <p>	displaced	Cleo. O, never was there queen
914	1.3	26	continuation row inside <p>	displaced	Ant. Cleopatra, —
914	1.3	27	continuation row inside <p>	turnover	and true,
914	1.3	29	continuation row inside <p>	turnover	madness,
914	1.3	31	continuation row inside <p>	displaced	Ant. Most sweet queen.—
914	1.3	32	continuation row inside <p>	turnover	going,
914	1.3	33	continuation row inside <p>	turnover	staying,
914	1.3	39	continuation row inside <p>	displaced	Ant. How now, lady!
914	1.3	40	continuation row inside <p>	turnover	know
914	1.3	41	continuation row inside <p>	displaced	Ant. Hear me, queen:
914	1.3	48	continuation row inside <p>	turnover	strength,
914	1.3	55	continuation row inside <p>	turnover	going,
914	1.3	57	continuation row inside <p>	turnover	me freedom,
914	1.3	62	continuation row inside <p>	displaced	Cleo. O most false love!
914	1.3	66	continuation row inside <p>	turnover	know
914	1.3	71	continuation row inside <p>	displaced	Cleo. Cut my lace, Charmian, come;
914	1.3	73	continuation row inside <p>	displaced	Ant. My precious queen, forbear;
914	1.3	75	continuation row inside <p>	displaced	Cleo. So Fulvia told me.
914	1.3	80	continuation row inside <p>	displaced	Ant. You ’Il beat my blood: no more.
914	1.3	81	continuation row inside <p>	turnover	meetly.
914	1.3	82	continuation row inside <p>	displaced	Cleo. And target. Still he mends;
914	1.3	83	continuation row inside <p>	turnover	Charmian,
914	1.3	86	continuation row inside <p>	displaced	Cleo. Courteous lord, one word.
914	1.3	91	continuation row inside <p>	displaced	Ant. But that vour royalty
914	1.3	93	continuation row inside <p>	displaced	Cleo. Tis sweating labour
915	1.3	101	continuation row inside <p>	displaced	Ant. Let us go. Come;
915	1.4	1	continuation row inside <p>	turnover	know,
915	1.4	8	continuation row inside <p>	turnover	find there
915	1.4	10	continuation row inside <p>	displaced	Lep. I must not think there are
915	1.4	16	continuation row inside <p>	turnover	is not
915	1.4	21	continuation row inside <p>	turnover	him,—
915	1.4	23	continuation row inside <p>	turnover	Antony
915	1.4	29	continuation row inside <p>	turnover	loud
915	1.4	31	continuation row inside <p>	turnover	knowledge,
915	1.4	33	continuation row inside <p>	displaced	Lep. Here ’s more news.
915	1.4	34	continuation row inside <p>	turnover	every hour,
915	1.4	40	continuation row inside <p>	displaced	Cæs. I should have known no less.
915	1.4	43	continuation row inside <p>	turnover	love,
915	1.4	44	continuation row inside <p>	turnover	body,
915	1.4	47	continuation row inside <p>	displaced	Mess. Cæsar, I bring thee word,
915	1.4	49	continuation row inside <p>	turnover	wound
915	1.4	55	continuation row inside <p>	displaced	Cæs. Antony,
915	1.4	63	continuation row inside <p>	turnover	did deign
915	1.4	71	continuation row inside <p>	displaced	"Lep. ""Tis pity of him."
915	1.4	76	continuation row inside <p>	displaced	Lep. To-morrow, Cæsar,
915	1.4	79	continuation row inside <p>	displaced	Cæs. Till which encounter,
915	1.4	81	continuation row inside <p>	turnover	meantime
915	1.4	83	continuation row inside <p>	displaced	Cœs. Doubt not, sir;
915	1.5	4	continuation row inside <p>	displaced	Char. Why, madam?
915	1.5	5	continuation row inside <p>	turnover	time
915	1.5	6	continuation row inside <p>	displaced	Char. You think of him too much.
915	1.5	7	continuation row inside <p>	displaced	Char. Madam, I trust, not so.
916	1.5	8	continuation row inside <p>	displaced	Mar. What’s your highness' pleasure?
916	1.5	9	continuation row inside <p>	turnover	pleasure
916	1.5	15	continuation row inside <p>	turnover	nothing
916	1.5	18	continuation row inside <p>	displaced	Cleo. O Charmian,
916	1.5	19	continuation row inside <p>	turnover	sits he?
916	1.5	22	continuation row inside <p>	turnover	movest?
916	1.5	25	continuation row inside <p>	turnover	"Nile ?"""
916	1.5	32	continuation row inside <p>	turnover	brow;
916	1.5	34	continuation row inside <p>	displaced	Alex. Sovereign of Egypt, hail!
916	1.5	42	continuation row inside <p>	displaced	"A lex. ""Good friend, quoth he,"
916	1.5	49	continuation row inside <p>	turnover	spoke
916	1.5	50	continuation row inside <p>	displaced	Cleo. What, was he sad or merry?
916	1.5	51	continuation row inside <p>	turnover	the extremes
916	1.5	54	continuation row inside <p>	turnover	note him:
916	1.5	63	continuation row inside <p>	displaced	Cleo. Who’s born that day
916	1.5	67	continuation row inside <p>	displaced	Char. O that brave Cæsar!
916	1.5	69	continuation row inside <p>	displaced	Char. The valiant Cæsar!
916	1.5	72	continuation row inside <p>	displaced	Char. By your most gracious pardon,
916	1.5	73	continuation row inside <p>	displaced	Cleo. My salad days,
916	2.1	1	continuation row inside <p>	turnover	assist
916	2.1	2	continuation row inside <p>	displaced	Mene. Know, worthy Pompey,
916	2.1	4	continuation row inside <p>	turnover	decays
916	2.1	5	continuation row inside <p>	displaced	Mene. We, ignorant of ourselves,
916	2.1	8	continuation row inside <p>	displaced	Pom. I shall do well:
916	2.1	16	continuation row inside <p>	displaced	Men. Cæsar and Lepidus
916	2.1	18	continuation row inside <p>	displaced	Men. From Silvius, sir.
916	2.1	19	continuation row inside <p>	turnover	together,
916	2.1	27	continuation row inside <p>	displaced	How now, Varrius!
917	2.1	31	continuation row inside <p>	displaced	Pom. I could have given less matter
917	2.1	33	continuation row inside <p>	turnover	helm
917	2.1	38	continuation row inside <p>	displaced	Men. I cannot hope
917	2.1	42	continuation row inside <p>	displaced	Pom. I know not, Menas,
917	2.1	45	continuation row inside <p>	turnover	themselves;
917	2.2	2	continuation row inside <p>	turnover	captain
917	2.2	3	continuation row inside <p>	displaced	Eno. I shall entreat him
917	2.2	8	continuation row inside <p>	displaced	"Lep. ""Tis not a time"
917	2.2	9	continuation row inside <p>	displaced	Eno. Every time
917	2.2	11	continuation row inside <p>	turnover	way.
917	2.2	12	continuation row inside <p>	displaced	Lep. Your speech is passion
917	2.2	14	continuation row inside <p>	displaced	Eno. And yonder, Cæsar.
917	2.2	16	continuation row inside <p>	displaced	Cæs. I do not know,
917	2.2	17	continuation row inside <p>	displaced	Lep. Noble friends,
917	2.2	18	continuation row inside <p>	turnover	not
917	2.2	25	continuation row inside <p>	displaced	"Ant. ""Tis spoken well."
917	2.2	28	continuation row inside <p>	displaced	Ant. Thank you.
917	2.2	28	continuation row inside <p>	displaced	Cœs. Sit.
917	2.2	28	continuation row inside <p>	displaced	Ant. Sit, sir.
917	2.2	28	continuation row inside <p>	displaced	Cœs. Nay, then.
917	2.2	29	continuation row inside <p>	turnover	not so,
917	2.2	30	continuation row inside <p>	displaced	Cæs. I must be laugh’d at,
917	2.2	33	continuation row inside <p>	turnover	should
917	2.2	34	continuation row inside <p>	turnover	name
917	2.2	35	continuation row inside <p>	displaced	Ant. My being in Egypt, Cæsar,
917	2.2	40	continuation row inside <p>	displaced	Ant. How intend you, practised?
917	2.2	41	continuation row inside <p>	turnover	intent
917	2.2	42	continuation row inside <p>	turnover	brother
917	2.2	45	continuation row inside <p>	turnover	brother never ~¬
917	2.2	48	continuation row inside <p>	turnover	rather
917	2.2	54	continuation row inside <p>	displaced	Cæs. You praise vourself
917	2.2	56	continuation row inside <p>	displaced	Ant. Not so, not so;
917	2.2	63	continuation row inside <p>	turnover	snaffle
917	2.2	67	continuation row inside <p>	turnover	Cæsar,
917	2.2	71	continuation row inside <p>	displaced	Cœs. I wrote to you
918	2.2	74	continuation row inside <p>	displaced	Ant. Sir,
918	2.2	81	continuation row inside <p>	displaced	Cœs. You have broken
918	2.2	83	continuation row inside <p>	displaced	Lep. Soft, Cæsar!
918	2.2	83	continuation row inside <p>	displaced	Ant. No,
918	2.2	88	continuation row inside <p>	turnover	them:
918	2.2	89	continuation row inside <p>	displaced	Ant. Neglected, rather;
918	2.2	98	continuation row inside <p>	displaced	"Lep. ""Tis noble spoken."
918	2.2	99	continuation row inside <p>	turnover	further
918	2.2	102	continuation row inside <p>	displaced	Lep. Worthily spoken, Mecænas.
918	2.2	111	continuation row inside <p>	turnover	speak no more.
918	2.2	117	continuation row inside <p>	turnover	edge
918	2.2	118	continuation row inside <p>	displaced	Agr. Give me leave, Cæsar, —
918	2.2	122	continuation row inside <p>	displaced	Cœs. Say not so, Agrippa:
918	2.2	133	continuation row inside <p>	turnover	marriage,
918	2.2	135	continuation row inside <p>	turnover	dangers,
918	2.2	141	continuation row inside <p>	displaced	Ant. Will Cæsar speak?
918	2.2	143	continuation row inside <p>	displaced	Ant. What power is in Agrippa,
918	2.2	145	continuation row inside <p>	displaced	Cæs. The power of Cæsar, and
918	2.2	146	continuation row inside <p>	displaced	Ant. May I never
918	2.2	151	continuation row inside <p>	displaced	Cœs. There is my hand.
918	2.2	155	continuation row inside <p>	displaced	Lep. Happily, amen!
918	2.2	156	continuation row inside <p>	turnover	"""gainst Pompey;"
918	2.2	160	continuation row inside <p>	displaced	Lep. Time calls upon's:
918	2.2	162	continuation row inside <p>	displaced	Ant. Where lies he?
918	2.2	166	continuation row inside <p>	displaced	Ant. So is the fame.
918	2.2	169	continuation row inside <p>	displaced	Cœs. With most gladness :
918	2.2	171	continuation row inside <p>	displaced	Ant. Let us, Lepidus,
918	2.2	172	continuation row inside <p>	displaced	Lep. Noble Antony,
919	2.2	199	continuation row inside <p>	turnover	were silver,
919	2.2	210	continuation row inside <p>	displaced	Agr. O, rare for Antony!
919	2.2	223	continuation row inside <p>	displaced	Agr. Rare Egyptian!
919	2.2	228	continuation row inside <p>	turnover	speak,
919	2.2	231	continuation row inside <p>	displaced	Agr. .Royal wench!
919	2.2	233	continuation row inside <p>	displaced	Eno. I saw her once
919	2.2	248	continuation row inside <p>	displaced	Agr. Let us go.
919	2.2	250	continuation row inside <p>	displaced	Eno. Humbly, sir, I thank you. IExeunt.
919	2.3	1	continuation row inside <p>	turnover	sometimes.
919	2.3	2	continuation row inside <p>	displaced	Octa. All which time
919	2.3	4	continuation row inside <p>	displaced	Ant. Good night, sir. My Octavia,
919	2.3	7	continuation row inside <p>	turnover	lady.
919	2.3	10	continuation row inside <p>	turnover	Egypt?
919	2.3	11	continuation row inside <p>	turnover	nor you
919	2.3	13	continuation row inside <p>	displaced	Sooth. I see it in
919	2.3	15	continuation row inside <p>	displaced	Ant. Say to me,
919	2.3	23	continuation row inside <p>	displaced	Ant. Speak this no more.
919	2.3	24	continuation row inside <p>	turnover	to thee.
919	2.3	27	continuation row inside <p>	turnover	thickens,
919	2.3	30	continuation row inside <p>	displaced	Ant. Get thee gone:
920	2.3	40	continuation row inside <p>	displaced	O, come, Ventidius,
920	2.4	1	continuation row inside <p>	turnover	hasten
920	2.4	2	continuation row inside <p>	displaced	Sir, Mark Antony
920	2.4	4	continuation row inside <p>	turnover	dress,
920	2.4	5	continuation row inside <p>	displaced	Mec. We shall,
920	2.4	7	continuation row inside <p>	displaced	Lep. Your way is shorter;
920	2.4	9	continuation row inside <p>	start	Agr. J Sir, good success !
920	2.5	2	continuation row inside <p>	displaced	Attend. The music, ho!
920	2.5	3	continuation row inside <p>	turnover	Charmian.
920	2.5	6	continuation row inside <p>	turnover	sir?
920	2.5	8	continuation row inside <p>	turnover	come too short,
920	2.5	15	continuation row inside <p>	displaced	Char. Twas merry when
920	2.5	18	continuation row inside <p>	displaced	Cleo. That time,—O times !—
920	2.5	23	continuation row inside <p>	displaced	O, from Italy!
920	2.5	25	continuation row inside <p>	displaced	Mess. Madam, madam.—
920	2.5	31	continuation row inside <p>	displaced	Cleo. Why, there ’s more gold.
920	2.5	36	continuation row inside <p>	displaced	Cleo. Well, go to, I will;
920	2.5	40	continuation row inside <p>	turnover	snakes,
920	2.5	41	continuation row inside <p>	displaced	Mess. Will't please you hear me?
920	2.5	42	continuation row inside <p>	turnover	speak’st:
920	2.5	46	continuation row inside <p>	displaced	Mess. Madam, he ’s well.
920	2.5	46	continuation row inside <p>	displaced	Cleo. Well said.
920	2.5	47	continuation row inside <p>	displaced	Cleo. Thou’rt an honest man.
920	2.5	48	continuation row inside <p>	turnover	ever.
920	2.5	49	continuation row inside <p>	displaced	Mess. But yet, madam, —
920	2.5	55	continuation row inside <p>	turnover	Cæsar;
920	2.5	56	continuation row inside <p>	turnover	free.
920	2.5	57	continuation row inside <p>	turnover	report:
920	2.5	58	continuation row inside <p>	displaced	Cleo. For what good turn?
920	2.5	59	continuation row inside <p>	displaced	Cleo. I am pale, Charmian.
920	2.5	61	continuation row inside <p>	turnover	thee! [Striles him down.
920	2.5	62	continuation row inside <p>	displaced	Cleo. What say you? Hence,
920	2.5	65	continuation row inside <p>	turnover	brine,
920	2.5	66	continuation row inside <p>	displaced	Mess. Gracious madam,
920	2.5	68	continuation row inside <p>	turnover	thee,
920	2.5	69	continuation row inside <p>	turnover	hadst
921	2.5	72	continuation row inside <p>	displaced	Mess. He’s married, madam.
921	2.5	73	continuation row inside <p>	displaced	Mess. Nay, then I’Il run.
921	2.5	75	continuation row inside <p>	turnover	yourself:
921	2.5	81	continuation row inside <p>	displaced	Cleo. I will not hurt him.
921	2.5	84	continuation row inside <p>	displaced	Come hither, sir.
921	2.5	88	continuation row inside <p>	displaced	Mess. I have done my duty.
921	2.5	91	continuation row inside <p>	displaced	Mess. He’s married, madam.
921	2.5	92	continuation row inside <p>	turnover	there still ?
921	2.5	93	continuation row inside <p>	displaced	Cleo. O, I would thou didst,
921	2.5	98	continuation row inside <p>	displaced	Cleo. He is married?
921	2.5	99	continuation row inside <p>	turnover	you:
921	2.5	102	continuation row inside <p>	turnover	of thee,
921	2.5	104	continuation row inside <p>	turnover	Rome
921	2.5	106	continuation row inside <p>	displaced	Char. Good your highness, patience.
921	2.5	107	continuation row inside <p>	turnover	Cæsar.
921	2.5	108	continuation row inside <p>	displaced	Cleo. I am paid for't now.
921	2.5	118	continuation row inside <p>	turnover	Charmian,
921	2.6	1	continuation row inside <p>	turnover	mine;
921	2.6	2	continuation row inside <p>	displaced	Cœs. Most meet
921	2.6	8	continuation row inside <p>	displaced	Pom. To you all three,
921	2.6	17	continuation row inside <p>	turnover	freedom,
921	2.6	23	continuation row inside <p>	displaced	Cæs. Take your time.
921	2.6	24	continuation row inside <p>	turnover	thy sails:
921	2.6	25	continuation row inside <p>	turnover	know’st
921	2.6	26	continuation row inside <p>	displaced	Pom. At land, indeed,
921	2.6	29	continuation row inside <p>	displaced	Lep. Be pleased to tell us–
921	2.6	31	continuation row inside <p>	displaced	Cæs. There’s the point.
921	2.6	33	continuation row inside <p>	displaced	Cæs. And what may follow,
921	2.6	34	continuation row inside <p>	displaced	Pom. You have made, me offer
921	2.6	40	continuation row inside <p>	displaced	Pom. Know, then,
922	2.6	47	continuation row inside <p>	displaced	Ant. I have heard it, Pompey;
922	2.6	49	continuation row inside <p>	displaced	Pom. Let me have your hand :
922	2.6	51	continuation row inside <p>	turnover	to you,
922	2.6	53	continuation row inside <p>	displaced	Cæs. Since I saw you last,
922	2.6	54	continuation row inside <p>	displaced	Pom. Well, I know not
922	2.6	57	continuation row inside <p>	displaced	Lep. Well met here.
922	2.6	58	continuation row inside <p>	turnover	agreed:
922	2.6	60	continuation row inside <p>	displaced	Cæs. That’s the next to do.
922	2.6	61	continuation row inside <p>	turnover	and let's
922	2.6	62	continuation row inside <p>	displaced	Ant That will I, Pompey.
922	2.6	65	continuation row inside <p>	turnover	Cæsar
922	2.6	66	continuation row inside <p>	displaced	Ant. You have heard much.
922	2.6	67	continuation row inside <p>	displaced	Ant. And fair words to them.
922	2.6	70	continuation row inside <p>	displaced	Pom. What, I pray you?
922	2.6	72	continuation row inside <p>	turnover	soldier?
922	2.6	75	continuation row inside <p>	displaced	Pom. Let me shake thy hand;
922	2.6	77	continuation row inside <p>	displaced	Eno. Sir,
922	2.6	80	continuation row inside <p>	displaced	Pom. Enjoy thy plainness,
922	2.6	83	continuation row inside <p>	start	Cæs. Ant. Lep. Show us the way, sir.
922	2.6	83	continuation row inside <p>	displaced	Pom. Come.
923	2.7	20	continuation row inside <p>	turnover	the flow o' the Nile
923	2.7	42	continuation row inside <p>	turnover	mine ear: what is't?
923	2.7	43	continuation row inside <p>	turnover	beseech thee, captain,
923	2.7	45	continuation row inside <p>	start	This wine for Lepidus !
923	2.7	59	continuation row inside <p>	turnover	Tell me of that? away!
923	2.7	61	continuation row inside <p>	turnover	thou wilt hear me,
923	2.7	62	continuation row inside <p>	turnover	The matter? (Rises, and walks aside.
923	2.7	63	continuation row inside <p>	turnover	fortunes.
923	2.7	64	continuation row inside <p>	turnover	What 's else to say?
923	2.7	65	continuation row inside <p>	displaced	Ant. These quick-sands, Lepidus,
923	2.7	67	continuation row inside <p>	displaced	Pom. What say’st thou?
923	2.7	68	continuation row inside <p>	turnover	That’s twice.
923	2.7	69	continuation row inside <p>	displaced	Men. But entertain it,
923	2.7	71	continuation row inside <p>	displaced	Pom. Hast thou drunk well ?
923	2.7	72	continuation row inside <p>	turnover	cup.
923	2.7	75	continuation row inside <p>	displaced	Pom. Show me which way.
923	2.7	76	continuation row inside <p>	turnover	competitors,
923	2.7	79	continuation row inside <p>	displaced	Pom. Ah, this thou shouldst have done,
923	2.7	81	continuation row inside <p>	turnover	know,
923	2.7	89	continuation row inside <p>	turnover	offer'd,
923	2.7	90	continuation row inside <p>	displaced	Pom. This health to Lepidus!
923	2.7	91	continuation row inside <p>	turnover	Pompey.
923	2.7	92	continuation row inside <p>	displaced	Men. Enobarbus, welcome!
923	2.7	98	continuation row inside <p>	turnover	it were all,
923	2.7	103	continuation row inside <p>	turnover	ho!
923	2.7	104	continuation row inside <p>	displaced	Cœs. I could well forbear 't.
923	2.7	106	continuation row inside <p>	displaced	Ant. Be a child o' the time.
923	2.7	109	continuation row inside <p>	displaced	Eno. Ha, my brave emperor! [To Antony.
924	2.7	111	continuation row inside <p>	displaced	Pom. Let’s ha’t, good soldier.
924	2.7	113	continuation row inside <p>	turnover	sense
924	2.7	114	continuation row inside <p>	displaced	Eno. All take hands.
924	2.7	126	continuation row inside <p>	turnover	night. Good brother,
924	2.7	129	continuation row inside <p>	turnover	Enobarb
924	2.7	131	continuation row inside <p>	turnover	almost
924	2.7	132	continuation row inside <p>	turnover	night.
924	2.7	133	continuation row inside <p>	displaced	Pom. I’Il try you on the shore.
924	2.7	134	continuation row inside <p>	displaced	Pom. O Antony,
924	2.7	135	continuation row inside <p>	turnover	friends.
924	2.7	136	continuation row inside <p>	displaced	Eno. Take heed you fall not.
924	2.7	137	continuation row inside <p>	displaced	Men. No, to my cabin.
924	2.7	140	continuation row inside <p>	turnover	sound out ! [Sound a flourish, with drumns.
924	3.1	1	continuation row inside <p>	turnover	and now
924	3.1	5	continuation row inside <p>	displaced	Sil. Noble Ventidius,
924	3.1	7	continuation row inside <p>	turnover	Media,
924	3.1	11	continuation row inside <p>	displaced	Ven. O Silius, Silius,
924	3.1	15	continuation row inside <p>	turnover	away.
924	3.1	27	continuation row inside <p>	displaced	Sil. Thou hast, Ventidius, that
924	3.1	29	continuation row inside <p>	turnover	Antony?
924	3.1	34	continuation row inside <p>	displaced	Sil. Where is he now?
924	3.1	35	continuation row inside <p>	turnover	what haste
924	3.1	37	continuation row inside <p>	turnover	along! [E xeunt.
924	3.2	2	continuation row inside <p>	turnover	is gone;
924	3.2	6	continuation row inside <p>	displaced	Agr. Tis a noble Lepidus.
924	3.2	7	continuation row inside <p>	turnover	Cæsar !
924	3.2	8	continuation row inside <p>	turnover	Antony!
924	3.2	11	continuation row inside <p>	turnover	nonpareil!
924	3.2	13	continuation row inside <p>	turnover	go no further.
924	3.2	14	continuation row inside <p>	turnover	excellent praises.
924	3.2	15	continuation row inside <p>	turnover	Antony:
924	3.2	16	continuation row inside <p>	turnover	poets, cannot
925	3.2	19	continuation row inside <p>	displaced	Agr. Both he loves.
925	3.2	22	continuation row inside <p>	turnover	farewell.
925	3.2	26	continuation row inside <p>	turnover	band
925	3.2	33	continuation row inside <p>	displaced	Ant. Make me not offended
925	3.2	34	continuation row inside <p>	displaced	Cœs. I have said.
925	3.2	34	continuation row inside <p>	displaced	Ant. You shall not find,
925	3.2	39	continuation row inside <p>	turnover	well:
925	3.2	43	continuation row inside <p>	turnover	spring,
925	3.2	45	continuation row inside <p>	turnover	and—
925	3.2	45	continuation row inside <p>	displaced	Cæs. What,
925	3.2	45	continuation row inside <p>	start	Octavia?
925	3.2	47	continuation row inside <p>	turnover	nor can
925	3.2	48	continuation row inside <p>	turnover	downfeather,
925	3.2	52	continuation row inside <p>	turnover	that, were he a horse;
925	3.2	57	continuation row inside <p>	turnover	was troubled with a rheum;
925	3.2	59	continuation row inside <p>	displaced	Cæs. No, sweet Octavia,
925	3.2	61	continuation row inside <p>	displaced	Ant. Come, sir, come;
925	3.2	64	continuation row inside <p>	displaced	Cæs. Adieu; be happy!
925	3.2	66	continuation row inside <p>	displaced	Cas. Farewell, farewell! [Kisses Octavia.
925	3.2	66	continuation row inside <p>	displaced	Ant. Farewell!
925	3.3	1	continuation row inside <p>	displaced	Alex. Half afeard to come.
925	3.3	2	continuation row inside <p>	displaced	Come hither, sir.
925	3.3	2	continuation row inside <p>	displaced	Alex. Good majesty,
925	3.3	4	continuation row inside <p>	displaced	Cleo. That Herod’s head
925	3.3	6	continuation row inside <p>	turnover	thou near.
925	3.3	14	continuation row inside <p>	displaced	Mess. She is not, madam.
925	3.3	15	continuation row inside <p>	turnover	shrilltongued or low?!
925	3.3	16	continuation row inside <p>	turnover	lowvoiced.
925	3.3	17	continuation row inside <p>	turnover	long.
925	3.3	19	continuation row inside <p>	turnover	and dwarfish!
925	3.3	21	continuation row inside <p>	displaced	Mess. She creeps:
925	3.3	24	continuation row inside <p>	displaced	Cleo. Is this certain?
925	3.3	25	continuation row inside <p>	displaced	Char. Three in Egypt
925	3.3	26	continuation row inside <p>	displaced	Cleo. He’s very knowing;
925	3.3	28	continuation row inside <p>	displaced	Char. Excellent.
925	3.3	29	continuation row inside <p>	displaced	Mess. Madam,
925	3.3	30	continuation row inside <p>	displaced	Cleo. Widow! Charmian, hark.
925	3.3	32	continuation row inside <p>	turnover	or round ?
925	3.3	34	continuation row inside <p>	turnover	that are so.
925	3.3	37	continuation row inside <p>	displaced	Cleo. There ’s gold for thee.
926	3.3	41	continuation row inside <p>	displaced	Char. A proper man.
926	3.3	44	continuation row inside <p>	displaced	Char. Nothing, madam.
926	3.3	45	continuation row inside <p>	turnover	should know.
926	3.3	48	continuation row inside <p>	turnover	good Charmian:
926	3.4	4	continuation row inside <p>	turnover	read it
926	3.4	10	continuation row inside <p>	displaced	Oct. O my good lord,
926	3.4	16	continuation row inside <p>	turnover	husband!
926	3.4	18	continuation row inside <p>	turnover	brother,
926	3.4	20	continuation row inside <p>	displaced	Ant. Gentle Octavia,
926	3.4	21	continuation row inside <p>	turnover	seeks
926	3.4	24	continuation row inside <p>	turnover	requested,
926	3.4	27	continuation row inside <p>	turnover	haste:
926	3.4	28	continuation row inside <p>	displaced	Oct. Thanks to my lord.
926	3.4	29	continuation row inside <p>	turnover	weak,
926	3.4	31	continuation row inside <p>	turnover	men
926	3.4	36	continuation row inside <p>	turnover	going;
926	3.4	37	continuation row inside <p>	turnover	cost
926	3.5	14	continuation row inside <p>	turnover	no more;
926	3.5	17	continuation row inside <p>	turnover	spurns
926	3.5	18	continuation row inside <p>	turnover	Lepidus!
926	3.5	20	continuation row inside <p>	displaced	Eno. Our great navy’s rigg’d.
926	3.5	23	continuation row inside <p>	displaced	"Eno. ""Twill be naught:"
926	3.6	1	continuation row inside <p>	turnover	and more,
926	3.6	11	continuation row inside <p>	displaced	Mec. This in the public eye?
926	3.6	12	continuation row inside <p>	turnover	exercise.
926	3.6	19	continuation row inside <p>	displaced	Mec. Let Rome be thus
926	3.6	19	continuation row inside <p>	start	Inform’d.
927	3.6	22	continuation row inside <p>	turnover	received
927	3.6	23	continuation row inside <p>	displaced	Agr. Who does he accuse?
927	3.6	30	continuation row inside <p>	displaced	Agr. Sir, this should be answer'd.
927	3.6	34	continuation row inside <p>	turnover	conquer'd,
927	3.6	37	continuation row inside <p>	displaced	Mec. He’ll never yield to that.
927	3.6	39	continuation row inside <p>	turnover	dear Cæsar!
927	3.6	41	continuation row inside <p>	turnover	cause.
927	3.6	42	continuation row inside <p>	turnover	come not
927	3.6	55	continuation row inside <p>	displaced	Oct. Good my lord,
927	3.6	60	continuation row inside <p>	displaced	Cæs. Which soon he granted,
927	3.6	62	continuation row inside <p>	displaced	Cœs. I have eyes upon him,
927	3.6	64	continuation row inside <p>	displaced	Oct. My lord, in Athens.
927	3.6	66	continuation row inside <p>	turnover	empire
927	3.6	76	continuation row inside <p>	displaced	Oct. Ay me, most wretched,
927	3.6	78	continuation row inside <p>	displaced	Cœs. Welcome hither:
927	3.6	90	continuation row inside <p>	displaced	Agr. Welcome, lady.
927	3.6	96	continuation row inside <p>	displaced	Oct. Is it so, sir?
927	3.7	3	continuation row inside <p>	turnover	wars,
927	3.7	4	continuation row inside <p>	displaced	Eno. Well, is it, is it?
927	3.7	5	continuation row inside <p>	turnover	not we
927	3.7	10	continuation row inside <p>	displaced	Cleo. What is't you say?
927	3.7	12	continuation row inside <p>	turnover	time,
927	3.7	16	continuation row inside <p>	displaced	Cleo. Sink Rome, and their tongues rot
927	3.7	17	continuation row inside <p>	turnover	war,
927	3.7	20	continuation row inside <p>	displaced	Eno. Nay, I have done.
927	3.7	21	continuation row inside <p>	displaced	Ant. Is it not strange, Canidius,
927	3.7	26	continuation row inside <p>	displaced	Ant. A good rebuke,
928	3.7	29	continuation row inside <p>	displaced	Cleo. By sea! what else?
928	3.7	30	continuation row inside <p>	displaced	Ant. For that he dares us to’t.
928	3.7	33	continuation row inside <p>	turnover	offers,
928	3.7	35	continuation row inside <p>	displaced	Eno. Your ships are not well mann’d;
928	3.7	41	continuation row inside <p>	displaced	Ant. By sea, by sea.
928	3.7	49	continuation row inside <p>	displaced	Ant. I’Il fight at sea.
928	3.7	52	continuation row inside <p>	turnover	Actium
928	3.7	54	continuation row inside <p>	displaced	Thy business ?
928	3.7	55	continuation row inside <p>	turnover	descried;
928	3.7	57	continuation row inside <p>	turnover	impossible;
928	3.7	61	continuation row inside <p>	displaced	How now, worthy soldier!
928	3.7	64	continuation row inside <p>	turnover	Egyptians
928	3.7	67	continuation row inside <p>	displaced	Ant. Well, well: away!
928	3.7	69	continuation row inside <p>	turnover	grows
928	3.7	71	continuation row inside <p>	displaced	Sold. You keep by land
928	3.7	75	continuation row inside <p>	turnover	Cæsar's
928	3.7	76	continuation row inside <p>	displaced	Sold. While he was yet in Rome,
928	3.7	78	continuation row inside <p>	displaced	Can. Who’s his lieutenant, hear you?
928	3.7	79	continuation row inside <p>	displaced	Can. Well I know the man.
928	3.7	81	continuation row inside <p>	turnover	throes forth,
928	3.8	3	continuation row inside <p>	turnover	provoke not battle,
928	3.9	1	continuation row inside <p>	turnover	the hill,
928	3.10	1	continuation row inside <p>	turnover	behold no longer:
928	3.10	4	continuation row inside <p>	displaced	Scar. Gods and goddesses,
928	3.10	5	continuation row inside <p>	displaced	Eno. What’s thy passion?
928	3.10	8	continuation row inside <p>	displaced	Eno. How appears the fight?
928	3.10	10	continuation row inside <p>	turnover	Egypt,—
929	3.10	18	continuation row inside <p>	displaced	Sear. She once being loof'd,
929	3.10	24	continuation row inside <p>	displaced	Ento. Alack, alack!
929	3.10	29	continuation row inside <p>	displaced	Erto. Ay, are you thereabouts ?
929	3.10	33	continuation row inside <p>	displaced	Can. To Cæsar will I render
929	3.10	35	continuation row inside <p>	displaced	Eno. I'll yet follow
929	3.10	36	continuation row inside <p>	turnover	reason
929	3.11	1	continuation row inside <p>	turnover	upon't;
929	3.11	6	continuation row inside <p>	displaced	All. Fly! not we.
929	3.11	7	continuation row inside <p>	turnover	cowards
929	3.11	8	continuation row inside <p>	turnover	gone;
929	3.11	15	continuation row inside <p>	turnover	shall
929	3.11	25	continuation row inside <p>	turnover	him.
929	3.11	46	continuation row inside <p>	turnover	approaches:
929	3.11	50	continuation row inside <p>	displaced	Eros. Sir, the queen.
929	3.11	51	continuation row inside <p>	turnover	See,
929	3.11	54	continuation row inside <p>	displaced	Cleo. O my lord, my lord,
929	3.11	56	continuation row inside <p>	displaced	Ant. Egypt, thou knew’st too well
929	3.11	61	continuation row inside <p>	displaced	Cleo. O, my pardon!
929	3.11	61	continuation row inside <p>	displaced	Ant. Now I must
929	3.11	64	continuation row inside <p>	turnover	pleased,
929	3.11	68	continuation row inside <p>	displaced	Cleo. Pardon, pardon!
929	3.11	73	continuation row inside <p>	turnover	Fortune knows
929	3.12	2	continuation row inside <p>	displaced	Dol. Cæsar, 'tis his schoolmaster:
930	3.12	6	continuation row inside <p>	displaced	Cœs. Approach, and speak.
930	3.12	10	continuation row inside <p>	displaced	Cæs. Be’t so; declare thine office.
930	3.12	11	continuation row inside <p>	turnover	and
930	3.12	14	continuation row inside <p>	turnover	earth,
930	3.12	19	continuation row inside <p>	displaced	Cœs. For Antony,
930	3.12	25	continuation row inside <p>	displaced	Cœs. Bring him through the bands.
930	3.12	26	continuation row inside <p>	turnover	time: dispatch;
930	3.12	30	continuation row inside <p>	turnover	perjure
930	3.12	31	continuation row inside <p>	turnover	Thyreus;
930	3.12	33	continuation row inside <p>	displaced	Thyr. Cæsar, I go.
930	3.12	36	continuation row inside <p>	displaced	Thyr. Cæsar, I shall. [Exeunt.
930	3.13	1	continuation row inside <p>	displaced	Eno. Think, and die.
930	3.13	5	continuation row inside <p>	turnover	ranges
930	3.13	12	continuation row inside <p>	displaced	Cleo. Prithee, peace.
930	3.13	15	continuation row inside <p>	turnover	she
930	3.13	16	continuation row inside <p>	displaced	Euph. He says so.
930	3.13	16	continuation row inside <p>	displaced	Ant Let her know't.
930	3.13	19	continuation row inside <p>	displaced	Cleo. That head, my lord?
930	3.13	21	continuation row inside <p>	turnover	note
930	3.13	29	continuation row inside <p>	turnover	Cæsar will
930	3.13	36	continuation row inside <p>	turnover	subdued
930	3.13	37	continuation row inside <p>	displaced	Att. A messenger from Cæsar.
930	3.13	38	continuation row inside <p>	turnover	women!
930	3.13	41	continuation row inside <p>	turnover	square.
930	3.13	46	continuation row inside <p>	displaced	Cleo. Cæsar's will?
930	3.13	47	continuation row inside <p>	displaced	Cleo. None but friends: say boldly.
930	3.13	52	continuation row inside <p>	displaced	Thyr. So.
930	3.13	55	continuation row inside <p>	displaced	Cleo. Goon: right royal.)
931	3.13	58	continuation row inside <p>	turnover	therefore, he
931	3.13	60	continuation row inside <p>	displaced	Cleo. He is a god, and knows
931	3.13	65	continuation row inside <p>	displaced	Thyr. Shall I say to Cæsar
931	3.13	72	continuation row inside <p>	displaced	Cleo. What’s your name?
931	3.13	73	continuation row inside <p>	displaced	Cleo. Most kind messenger,
931	3.13	78	continuation row inside <p>	displaced	Thyr Tis vour noblest course.
931	3.13	82	continuation row inside <p>	displaced	Cleo. Your Cæsar’s father oft,
931	3.13	85	continuation row inside <p>	displaced	Ant. Favours, by Jove that thunders!
931	3.13	86	continuation row inside <p>	displaced	Thyr One that but performs
931	3.13	89	continuation row inside <p>	turnover	gods and devils!
931	3.13	90	continuation row inside <p>	turnover	"""Ho!"""
931	3.13	93	continuation row inside <p>	displaced	Take hence this Jack, and whip him.
931	3.13	94	continuation row inside <p>	turnover	whelp
931	3.13	95	continuation row inside <p>	displaced	Ant. Moon and stars!
931	3.13	96	continuation row inside <p>	turnover	tributaries
931	3.13	98	continuation row inside <p>	turnover	name,
931	3.13	102	continuation row inside <p>	displaced	Ant. Tug him away: being whipp’d,
931	3.13	109	continuation row inside <p>	displaced	Cleo. Good my lord,—
931	3.13	113	continuation row inside <p>	turnover	make us
931	3.13	115	continuation row inside <p>	displaced	Cleo. O, is’t come to this?
931	3.13	122	continuation row inside <p>	displaced	Cleo. Wherefore is this?
931	3.13	131	continuation row inside <p>	displaced	Is he whipp’d?
931	3.13	132	continuation row inside <p>	displaced	Ant. Cried he? and begg’d a' pardon?
931	3.13	135	continuation row inside <p>	turnover	sorry
931	3.13	137	continuation row inside <p>	turnover	henceforth
931	3.13	153	continuation row inside <p>	displaced	Ant. Alack, our terrene moon
931	3.13	155	continuation row inside <p>	displaced	Cleo. I must stay his time.
931	3.13	157	continuation row inside <p>	displaced	Cleo. Not know me yet?
931	3.13	158	continuation row inside <p>	displaced	Cleo. Ah, dear, if I be so,
932	3.13	167	continuation row inside <p>	displaced	Ant. I am satisfied.
932	3.13	171	continuation row inside <p>	turnover	sealike.
932	3.13	172	continuation row inside <p>	turnover	hear, lady?
932	3.13	185	continuation row inside <p>	displaced	Cleo. It is my birth-day:
932	3.13	186	continuation row inside <p>	turnover	lord
932	3.13	190	continuation row inside <p>	turnover	I’Il force
932	3.13	191	continuation row inside <p>	turnover	my queen;
932	3.13	195	continuation row inside <p>	turnover	be furious,
932	4.1	1	continuation row inside <p>	turnover	power
932	4.1	3	continuation row inside <p>	turnover	combat,
932	4.1	6	continuation row inside <p>	displaced	Mec. Cæsar must think,
932	4.1	10	continuation row inside <p>	displaced	Cœs. Let our best heads 1o
932	4.2	1	continuation row inside <p>	displaced	Eno. No
932	4.2	3	continuation row inside <p>	turnover	fortune,
932	4.2	4	continuation row inside <p>	displaced	Ant. To-morrow, soldier,
932	4.2	8	continuation row inside <p>	displaced	Ant. Well said; come on.
932	4.2	10	continuation row inside <p>	displaced	Give me thy hand,
932	4.2	12	continuation row inside <p>	turnover	me well,
932	4.2	14	continuation row inside <p>	turnover	tricks which sorrow shoots
932	4.2	15	continuation row inside <p>	displaced	Ant. And thou art honest too.
932	4.2	19	continuation row inside <p>	displaced	All. The gods forbid!
932	4.2	20	continuation row inside <p>	turnover	tonight:
932	4.2	24	continuation row inside <p>	turnover	weep.
932	4.2	24	continuation row inside <p>	displaced	Ant. Tend me to-night;
932	4.2	33	continuation row inside <p>	displaced	Eno. What mean you, sir,
933	4.2	36	continuation row inside <p>	displaced	Ant. Ho, ho, ho!
933	4.2	38	continuation row inside <p>	turnover	friends,
933	4.2	40	continuation row inside <p>	turnover	you
933	4.3	1	continuation row inside <p>	turnover	is the day.
933	4.3	2	continuation row inside <p>	turnover	you well.
933	4.3	5	continuation row inside <p>	turnover	night to you.
933	4.3	11	continuation row inside <p>	displaced	Third Sold. Tis a brave army,
933	4.3	12	continuation row inside <p>	displaced	Fourth Sold. Peace! what noise?
933	4.3	12	continuation row inside <p>	displaced	First Sold. List, list!
933	4.3	13	continuation row inside <p>	displaced	Farst Sold. Music i' the air
933	4.3	13	continuation row inside <p>	displaced	Third Sold. Under the earth.
933	4.3	14	continuation row inside <p>	displaced	Third Sold. No.
933	4.3	14	continuation row inside <p>	displaced	Fixst Sold. Peace, I say!
933	4.3	16	continuation row inside <p>	turnover	Antony loved,
933	4.3	19	continuation row inside <p>	displaced	Sec. Sold. How now, masters!
933	4.3	20	continuation row inside <p>	displaced	First Sold. Ay; is’t not strange?
933	4.3	21	continuation row inside <p>	turnover	hear?
933	4.3	22	continuation row inside <p>	turnover	quarter;
933	4.3	23	continuation row inside <p>	displaced	All. Content. Tis strange. [Exeunt.
933	4.4	1	continuation row inside <p>	displaced	Cleo. Sleep a little.
933	4.4	2	continuation row inside <p>	turnover	armour, Eros!
933	4.4	5	continuation row inside <p>	displaced	Cleo. Nay, I’Il help too.
933	4.4	6	continuation row inside <p>	displaced	Anl. Ah, let be, let be! thou art
933	4.4	8	continuation row inside <p>	displaced	Ant. Well, well:
933	4.4	10	continuation row inside <p>	displaced	Eros. Briefiy, sir.
933	4.4	11	continuation row inside <p>	displaced	Ant. Rarely, rarely:
933	4.4	18	continuation row inside <p>	displaced	Good morrow to thee; welcome:
933	4.4	21	continuation row inside <p>	displaced	SSold. A thousand, sir,
933	4.4	25	continuation row inside <p>	displaced	"Ant. ""Tis well blown, lads:"
933	4.4	35	continuation row inside <p>	displaced	Cleo. Lead me.
933	4.5	1	continuation row inside <p>	turnover	Antony!
933	4.5	2	continuation row inside <p>	turnover	once prevail’d
933	4.5	3	continuation row inside <p>	displaced	Sold. Hadst thou done so,
934	4.5	6	continuation row inside <p>	displaced	Ant. Who’s gone this morning?
934	4.5	6	continuation row inside <p>	displaced	Sold. Who!
934	4.5	9	continuation row inside <p>	displaced	Ant. What say’st thou?
934	4.5	9	continuation row inside <p>	displaced	Sold. Sir,
934	4.5	10	continuation row inside <p>	displaced	Eros. Sir, his chests and treasure
934	4.5	11	continuation row inside <p>	displaced	Ant. Is he gone?
934	4.5	11	continuation row inside <p>	displaced	Sold. Most certain.
934	4.6	6	continuation row inside <p>	turnover	world
934	4.6	7	continuation row inside <p>	displaced	Mess. Antony
934	4.6	8	continuation row inside <p>	displaced	Cœs. Go charge Agrippa
934	4.6	20	continuation row inside <p>	displaced	Sold. Enobarbus, Antony
934	4.6	24	continuation row inside <p>	displaced	Eno. I give it you.
934	4.6	34	continuation row inside <p>	turnover	heart:
934	4.6	36	continuation row inside <p>	turnover	I feel.
934	4.7	1	continuation row inside <p>	turnover	far:
934	4.7	4	continuation row inside <p>	turnover	indeed!
934	4.7	6	continuation row inside <p>	displaced	Ant. Thou bleed’st apace.
934	4.7	8	continuation row inside <p>	displaced	Ant. They do retire.
934	4.7	9	continuation row inside <p>	turnover	yet
934	4.7	11	continuation row inside <p>	turnover	advantage serves
934	4.7	12	continuation row inside <p>	displaced	Scar. Let us score their backs,
934	4.7	14	continuation row inside <p>	displaced	Ant. I will reward thee
934	4.7	16	continuation row inside <p>	displaced	Scar. I’ll halt after. [Exeunt.
934	4.8	1	continuation row inside <p>	turnover	before,
934	4.8	7	continuation row inside <p>	turnover	Hectors.
934	4.8	9	continuation row inside <p>	turnover	tears
934	4.8	10	continuation row inside <p>	turnover	kiss
934	4.8	11	continuation row inside <p>	turnover	me thy hand;
934	4.8	13	continuation row inside <p>	turnover	day o' the world,
935	4.8	16	continuation row inside <p>	displaced	Cleo. Lord of lords!
935	4.8	18	continuation row inside <p>	displaced	Ant. My nightingale,
935	4.8	19	continuation row inside <p>	turnover	though grey
935	4.8	20	continuation row inside <p>	turnover	yet ha' we
935	4.8	26	continuation row inside <p>	displaced	Cleo. I'Il give thee, friend,
935	4.8	31	continuation row inside <p>	turnover	them:
935	4.8	38	continuation row inside <p>	turnover	together,
935	4.9	1	continuation row inside <p>	turnover	hour,
935	4.9	4	continuation row inside <p>	displaced	Sec. Sold. This last day was
935	4.9	5	continuation row inside <p>	displaced	Eno. O, bear me witness, night.—
935	4.9	6	continuation row inside <p>	displaced	Sec. Sold. Stand close, and list him.
935	4.9	10	continuation row inside <p>	displaced	First Sold. Enobarbus!
935	4.9	10	continuation row inside <p>	displaced	Third Sold. Peace!
935	4.9	17	continuation row inside <p>	turnover	powder.
935	4.9	23	continuation row inside <p>	displaced	Sec. Sold. Let’s speak
935	4.9	25	continuation row inside <p>	turnover	speaks
935	4.9	26	continuation row inside <p>	displaced	Third Sold. Let’s do so. But he sleeps.
935	4.9	27	continuation row inside <p>	turnover	as his
935	4.9	28	continuation row inside <p>	displaced	Sec. Sold. Go we to him.
935	4.9	29	continuation row inside <p>	displaced	Sec. Sold. Hear you, sir?
935	4.9	30	continuation row inside <p>	turnover	him. IDrums afar off.] Hark! the drums
935	4.10	2	continuation row inside <p>	displaced	Scar. For both, my lord.
935	4.10	3	continuation row inside <p>	turnover	air;
935	4.11	1	continuation row inside <p>	turnover	land,
935	4.12	1	continuation row inside <p>	turnover	pine does stand,
935	4.12	3	continuation row inside <p>	displaced	Scar. Swallows have built
935	4.12	9	continuation row inside <p>	displaced	Ani. All is lost;
935	4.12	13	continuation row inside <p>	turnover	thou
936	4.12	26	continuation row inside <p>	turnover	home;
936	4.12	30	continuation row inside <p>	displaced	Ah, thou spell! Avaunt!
936	4.12	39	continuation row inside <p>	displaced	"""Tis well thou’rt gone,"
936	4.12	45	continuation row inside <p>	turnover	club,
936	4.12	47	continuation row inside <p>	turnover	I fall
936	4.13	3	continuation row inside <p>	displaced	Char. To the monument!
936	4.13	4	continuation row inside <p>	turnover	dead.
936	4.13	6	continuation row inside <p>	displaced	Cleo. To the monument!
936	4.13	10	continuation row inside <p>	turnover	monument! [Exeunt.
936	4.14	1	continuation row inside <p>	displaced	Eros. Ay, noble lord.
936	4.14	2	continuation row inside <p>	turnover	dragonish;
936	4.14	7	continuation row inside <p>	turnover	signs;
936	4.14	8	continuation row inside <p>	displaced	Eros. Ay, my lord.
936	4.14	9	continuation row inside <p>	turnover	thought
936	4.14	11	continuation row inside <p>	displaced	Eros. It does, my lord.
936	4.14	19	continuation row inside <p>	turnover	glory
936	4.14	22	continuation row inside <p>	displaced	O, thy vile lady!
936	4.14	23	continuation row inside <p>	displaced	Mar. No, Antony;
936	4.14	25	continuation row inside <p>	displaced	Ant Hence, saucy eunuch; peace E
936	4.14	34	continuation row inside <p>	displaced	Ant. Dead, then?
936	4.14	34	continuation row inside <p>	displaced	Mar. Dead.
936	4.14	36	continuation row inside <p>	turnover	depart’st hence safe,
936	4.14	37	continuation row inside <p>	displaced	Off, pluck off:
936	4.14	51	continuation row inside <p>	turnover	hand,
937	4.14	55	continuation row inside <p>	displaced	Ant. Since Cleopatra died,
937	4.14	58	continuation row inside <p>	turnover	back
937	4.14	69	continuation row inside <p>	displaced	Eros. The gods withhold me !
937	4.14	71	continuation row inside <p>	displaced	Ant. Eros,
937	4.14	77	continuation row inside <p>	displaced	Eros. I would not see’t.
937	4.14	78	continuation row inside <p>	turnover	cured.
937	4.14	80	continuation row inside <p>	displaced	Eros. O, sir, pardon me!
937	4.14	81	continuation row inside <p>	turnover	not then
937	4.14	85	continuation row inside <p>	turnover	countenance,
937	4.14	88	continuation row inside <p>	displaced	Ant. Then let it do at once
937	4.14	89	continuation row inside <p>	displaced	Eros. My dear master,
937	4.14	93	continuation row inside <p>	displaced	Ant. Now, Eros.
937	4.14	94	continuation row inside <p>	turnover	sorrow
937	4.14	95	continuation row inside <p>	displaced	Ant. Thrice-nobler than myself!
937	4.14	97	continuation row inside <p>	turnover	Eros
937	4.14	104	continuation row inside <p>	displaced	First Guard. What’s the noise?
937	4.14	105	continuation row inside <p>	turnover	mable an end
937	4.14	106	continuation row inside <p>	displaced	Sec. Guard. The star is fall’n.
937	4.14	107	continuation row inside <p>	displaced	All. Alas, and woe!
937	4.14	108	continuation row inside <p>	displaced	First Guard. Not I.
937	4.14	111	continuation row inside <p>	turnover	followers fly.
937	4.14	114	continuation row inside <p>	displaced	Der. There, Diomed there.
937	4.14	114	continuation row inside <p>	displaced	Dio. Lives he ?
937	4.14	116	continuation row inside <p>	turnover	sword, and give me
937	4.14	117	continuation row inside <p>	displaced	Dio. Most absolute lord,
937	4.14	119	continuation row inside <p>	displaced	Dio. Now, my lord.
937	4.14	119	continuation row inside <p>	displaced	Ant. Where is she ?
937	4.14	120	continuation row inside <p>	turnover	prophesying fear
937	4.14	124	continuation row inside <p>	turnover	dead;
937	4.14	128	continuation row inside <p>	turnover	I prithee.
937	4.14	129	continuation row inside <p>	turnover	guard, what, ho!
937	4.14	131	continuation row inside <p>	turnover	bides;
937	4.14	133	continuation row inside <p>	turnover	not live to wear
937	4.14	134	continuation row inside <p>	displaced	All. Most heavy day!
937	4.14	135	continuation row inside <p>	turnover	sharp fate
937	4.14	136	continuation row inside <p>	turnover	welcome
938	4.15	2	continuation row inside <p>	displaced	Cleo. No, I will not:
938	4.15	6	continuation row inside <p>	displaced	How now! is he dead?
938	4.15	9	continuation row inside <p>	displaced	Cleo. O sun,
938	4.15	10	continuation row inside <p>	turnover	stand
938	4.15	12	continuation row inside <p>	turnover	help;
938	4.15	13	continuation row inside <p>	displaced	Ant. Peace!
938	4.15	21	continuation row inside <p>	displaced	Cleo. I dare not, dear,—
938	4.15	25	continuation row inside <p>	turnover	"have"""
938	4.15	31	continuation row inside <p>	displaced	Ant. O, quick, or I am gone.
938	4.15	32	continuation row inside <p>	turnover	my lord!
938	4.15	34	continuation row inside <p>	turnover	power,
938	4.15	38	continuation row inside <p>	turnover	lived:
938	4.15	40	continuation row inside <p>	displaced	All. A heavy sight!
938	4.15	43	continuation row inside <p>	turnover	high,
938	4.15	45	continuation row inside <p>	displaced	Ant. One word, sweet queen:
938	4.15	47	continuation row inside <p>	displaced	Ant. Gentle, hear me:
938	4.15	59	continuation row inside <p>	displaced	Cleo. Noblest of men, woo’t die?
938	4.15	68	continuation row inside <p>	displaced	Char. O, quietness, lady!
938	4.15	69	continuation row inside <p>	displaced	Char. Lady!
938	4.15	69	continuation row inside <p>	displaced	Irar. Madam!
938	4.15	70	continuation row inside <p>	displaced	Iras. Royal Egypt,
938	4.15	73	continuation row inside <p>	turnover	commanded
938	4.15	83	continuation row inside <p>	turnover	Charmian!
938	4.15	85	continuation row inside <p>	turnover	heart: 7*
938	4.15	86	continuation row inside <p>	turnover	noble,
939	5.1	3	continuation row inside <p>	displaced	Dol. Cæsar, I shall. LExit.
939	5.1	4	continuation row inside <p>	turnover	that darest
939	5.1	5	continuation row inside <p>	displaced	Der. I am call’d Dercetas;
939	5.1	12	continuation row inside <p>	displaced	Cœs. What is’t thou say’st?
939	5.1	14	continuation row inside <p>	turnover	make
939	5.1	19	continuation row inside <p>	displaced	Der. He is dead, Cæsar;
939	5.1	26	continuation row inside <p>	displaced	Cœs. Look you sad, friends?
939	5.1	28	continuation row inside <p>	displaced	Agr. And strange it is,
939	5.1	30	continuation row inside <p>	displaced	Mec. His taints and honours
939	5.1	31	continuation row inside <p>	displaced	Agr. A rarer spirit never
939	5.1	34	continuation row inside <p>	turnover	him,
939	5.1	35	continuation row inside <p>	displaced	Cœs. O Antony!
939	5.1	46	continuation row inside <p>	turnover	stars,
939	5.1	52	continuation row inside <p>	turnover	mistress,
939	5.1	56	continuation row inside <p>	displaced	Cœs. Bid her have good heart :
939	5.1	60	continuation row inside <p>	start	Egyp. So the gods preserve thee! [Exit.
939	5.1	68	continuation row inside <p>	displaced	Pro. Cæsar, I shall. [Exit.
939	5.1	69	continuation row inside <p>	turnover	Where’s Dolabella,
939	5.1	70	continuation row inside <p>	displaced	All. Dolabella!
939	5.2	9	continuation row inside <p>	turnover	Egypt;
939	5.2	11	continuation row inside <p>	displaced	Cleo. What’s thy name?
939	5.2	12	continuation row inside <p>	displaced	Cleo. Antony
939	5.2	21	continuation row inside <p>	displaced	Pro. Be of good cheer;
939	5.2	28	continuation row inside <p>	displaced	Cleo. Pray you, tell him
940	5.2	32	continuation row inside <p>	displaced	Pro. This I’Il report, dear lady.
940	5.2	36	continuation row inside <p>	turnover	Cæsar come. Exit.
940	5.2	39	continuation row inside <p>	displaced	Pro. Hold, worthy lady, hold :
940	5.2	41	continuation row inside <p>	displaced	Cleo. What, of death too,
940	5.2	42	continuation row inside <p>	displaced	Pro. Cleopatra,
940	5.2	46	continuation row inside <p>	displaced	Cleo. Where art thou, death?
940	5.2	47	continuation row inside <p>	turnover	queen
940	5.2	48	continuation row inside <p>	displaced	Pro. O, temperance, lady!
940	5.2	62	continuation row inside <p>	displaced	Pro. You do extend
940	5.2	64	continuation row inside <p>	displaced	Dol. Proculeius,
940	5.2	67	continuation row inside <p>	displaced	Pro. So, Dolabella,
940	5.2	69	continuation row inside <p>	turnover	please,
940	5.2	70	continuation row inside <p>	displaced	Clec. Say, I would die.
940	5.2	72	continuation row inside <p>	displaced	Dol. Assuredly you know me.
940	5.2	73	continuation row inside <p>	turnover	known.
940	5.2	75	continuation row inside <p>	displaced	Dol. I understand not, madam.
940	5.2	78	continuation row inside <p>	displaced	Doĺ If it might please ye,—
940	5.2	79	continuation row inside <p>	turnover	therein stuck
940	5.2	80	continuation row inside <p>	turnover	lighted
940	5.2	81	continuation row inside <p>	displaced	Dol. Most sovereign creature.—
940	5.2	91	continuation row inside <p>	turnover	were
940	5.2	92	continuation row inside <p>	displaced	Dol. Cleopatra!
940	5.2	93	continuation row inside <p>	turnover	a man
940	5.2	94	continuation row inside <p>	displaced	Dol. Gentle madam, no.
940	5.2	100	continuation row inside <p>	displaced	Dol. Hear me, good madam.
940	5.2	105	continuation row inside <p>	displaced	Cleo. I thank you, sir.
940	5.2	107	continuation row inside <p>	turnover	knew.
940	5.2	108	continuation row inside <p>	displaced	Dol. Though he be honourable, —
940	5.2	114	continuation row inside <p>	displaced	Cleo. Sir, the gods
940	5.2	116	continuation row inside <p>	displaced	Cæs. Take to you no hard thoughts :
941	5.2	124	continuation row inside <p>	displaced	Cœs. Cleopatra, know,
941	5.2	127	continuation row inside <p>	turnover	find
941	5.2	134	continuation row inside <p>	turnover	yours; and we,
941	5.2	136	continuation row inside <p>	turnover	lord.
941	5.2	138	continuation row inside <p>	turnover	jewels,
941	5.2	142	continuation row inside <p>	turnover	my lord,
941	5.2	147	continuation row inside <p>	displaced	Cleo. What have I kept back ?
941	5.2	148	continuation row inside <p>	turnover	known.
941	5.2	150	continuation row inside <p>	displaced	Cleo. See, Cæsar ! O, behold, 150.
941	5.2	155	continuation row inside <p>	turnover	thou shalt
941	5.2	156	continuation row inside <p>	turnover	eyes,
941	5.2	157	continuation row inside <p>	turnover	dog!
941	5.2	158	continuation row inside <p>	displaced	Cæs. Good queen, let us entreat you.
941	5.2	171	continuation row inside <p>	turnover	smites me
941	5.2	172	continuation row inside <p>	turnover	go hence;
941	5.2	174	continuation row inside <p>	turnover	a man,
941	5.2	175	continuation row inside <p>	displaced	Cœs. Forbear, Seleucus.
941	5.2	176	continuation row inside <p>	turnover	misthought
941	5.2	179	continuation row inside <p>	start	Cœes. Cleopatra,
941	5.2	180	continuation row inside <p>	turnover	acknowledged,
941	5.2	184	continuation row inside <p>	turnover	cheer'd;
941	5.2	185	continuation row inside <p>	turnover	queen;
941	5.2	190	continuation row inside <p>	displaced	Cæs. Not so. Adieu.
941	5.2	191	continuation row inside <p>	turnover	I should not
941	5.2	194	continuation row inside <p>	displaced	Cleo. Hie thee again:
941	5.2	196	continuation row inside <p>	displaced	Char. Madam, I will.
941	5.2	197	continuation row inside <p>	displaced	Char. Behold, sir. (Exit.
941	5.2	197	continuation row inside <p>	displaced	Cleo. Dolabella!
941	5.2	198	continuation row inside <p>	turnover	command,
941	5.2	204	continuation row inside <p>	displaced	Cleo. Dolabella,
941	5.2	205	continuation row inside <p>	displaced	Doĺ. I your servant.
941	5.2	207	continuation row inside <p>	displaced	Now, Iras, what thinle' st thou ?
941	5.2	213	continuation row inside <p>	displaced	Iras. The gods forbid !
941	5.2	214	continuation row inside <p>	turnover	lictors
941	5.2	215	continuation row inside <p>	turnover	rhymers
942	5.2	221	continuation row inside <p>	displaced	Tras. O the good gods!
942	5.2	224	continuation row inside <p>	displaced	Cleo. Why, that’s the way
942	5.2	226	continuation row inside <p>	displaced	Now, Charmian!
942	5.2	231	continuation row inside <p>	turnover	thee leave
942	5.2	233	continuation row inside <p>	displaced	Guard. Here is a rural fellow
942	5.2	236	continuation row inside <p>	displaced	What poor an instrument
942	5.2	241	continuation row inside <p>	displaced	Guard. This is the man.
942	5.2	249	continuation row inside <p>	turnover	on't?
942	5.2	283	continuation row inside <p>	turnover	I have
942	5.2	302	continuation row inside <p>	turnover	may say,
942	5.2	303	continuation row inside <p>	displaced	Cleo. This proves me base:
942	5.2	306	continuation row inside <p>	turnover	mortal wretch,
942	5.2	311	continuation row inside <p>	start	Char. O eastern star!
942	5.2	311	continuation row inside <p>	displaced	Cleo. Peace, peace!
942	5.2	313	continuation row inside <p>	displaced	Char. 1O, break! O, break !
942	5.2	314	continuation row inside <p>	turnover	gentle, —
943	5.2	323	continuation row inside <p>	displaced	Char. Speak softly, wake her not.
943	5.2	324	continuation row inside <p>	displaced	Char. Too slow a messenger.
943	5.2	326	continuation row inside <p>	turnover	Cæsar's beguiled.
943	5.2	327	continuation row inside <p>	turnover	Cæsar; call him.
943	5.2	328	continuation row inside <p>	turnover	is this well done?
943	5.2	329	continuation row inside <p>	turnover	princess
943	5.2	333	continuation row inside <p>	displaced	Dol. Cæsar, thy thoughts
943	5.2	338	continuation row inside <p>	displaced	Cæs. Bravest at the last,,
943	5.2	341	continuation row inside <p>	displaced	Dol. Who was last with them?
943	5.2	342	continuation row inside <p>	turnover	brought her figs:
943	5.2	343	continuation row inside <p>	displaced	Cœs. Poison'd, then.
943	5.2	343	continuation row inside <p>	displaced	First Guard. O Cæsar,
943	5.2	344	continuation row inside <p>	turnover	spake:
943	5.2	347	continuation row inside <p>	displaced	Cæs. O noble weakness!
943	5.2	351	continuation row inside <p>	displaced	Dol. Here, on her breast,
943	5.2	354	continuation row inside <p>	turnover	these fig-leaves
943	5.2	356	continuation row inside <p>	displaced	Cœs. Most probable
