# baseline: the Globe numbers the P4 transcribed, <lb ed="G" n="..."/> in ant.xml (sha256 8e235e2c4ae6f375); not the shell's milestones or <l n>
# one row per transcribed number; lines the P4 does not number are not listed
scene	old_n	row	new_n	row_inside_line	next_line	verdict	context
1.1	10	row begins inside a line		10	11	unmapped (P4 number is the containing line)	Look, where they come: Take but
1.1	20	row begins a line	20			agree	Fulvia perchance is angry; or, who
1.1	30	row begins a line	30			agree	Thou blushest, Antony; and that blood
1.1	40	row begins inside a line		40	41	unmapped (P4 number is the containing line)	Cleo. Excellent falsehood! Why did he
1.1	50	row begins a line	50			agree	To weep; whose every passion fully
1.1	60	row begins a line	60			agree	That he approves the common liar,
1.2	10	row begins inside a line		10	11	unmapped (P4 number is the containing line)	Alex. Show him your hand. Enter
1.2	21	row begins a line	21			agree	Char. Hush Sooth. You shall be
1.2	31	row begins a line	31			agree	Sooth. You shall outlive the lady
1.2	41	row begins a line	41			agree	Alex. You think none but your
1.2	50	row begins a line	49			disagree	Char. E'en as the o'erflowing Nilus
1.2	60	row begins a line	59			disagree	Iras. Am I not an inch
1.2	79	row begins a line	79			agree	Char. Amen. Alex. Lo, now, if
1.2	90	row begins a line	90			agree	Alex. Here, at your service. My
1.2	100	row begins a line	100			agree	Ant. When it concerns the fool
1.2	110	row begins a line	110			agree	Name Cleopatra as she is call'd
1.2	121	row begins a line	121			agree	Or lose myself in dotage. Enter
1.2	131	row begins a line	131			agree	The hand could pluck her back
1.2	140	row begins a line	140			agree	Ant. I must be gone. Eno.
1.2	150	row begins a line	150			agree	Ant. She is cunning past man's
1.2	179	row begins a line	179			agree	Cannot endure my absence. Eno. And
1.2	190	row begins a line	190			agree	Petition us at home: Sextus Pompeius
1.2	200	row begins a line	200			agree	Which, like the courser's hair, hath
1.3	10	row begins a line	10			agree	Cleo. Thou teachest like a fool;
1.3	21	row begins a line	21			agree	Would she had never given you
1.3	31	row begins a line	31			agree	Which break themselves in swearing! Ant.
1.3	40	row begins a line	40			agree	Cleo. I would I had thy
1.3	50	row begins a line	50			agree	Rich in his father's honor, creeps
1.3	59	row begins a line	59			agree	Ant. She's dead, my queen: Look
1.3	70	row begins a line	70			agree	Thy soldier, servant; making peace or
1.3	80	row begins inside a line		80	81	unmapped (P4 number is the containing line)	Ant. You'll heat my blood: no
1.3	90	row begins a line	90			agree	O, my oblivion is a very
1.3	100	row begins a line	100			agree	Sit laurel victory and smooth success
1.4	10	row begins inside a line		10	11	unmapped (P4 number is the containing line)	Lep. I must not think there
1.4	20	row begins a line	20			agree	To reel the streets at noon,
1.4	30	row begins a line	30			agree	As his own state and ours,—'tis
1.4	40	row begins inside a line		40	41	unmapped (P4 number is the containing line)	Cæs. I should have known no
1.4	49	row begins a line	49			agree	Make the sea serve them, which
1.4	60	row begins a line	60			agree	Though daintily brought up, with patience
1.4	70	row begins a line	70			agree	Was borne so like a soldier,
1.4	80	row begins inside a line		79	80	unmapped (P4 number is the next line)	Cæs. Till which encounter, It is
1.5	10	row begins a line	10			agree	In aught an eunuch has: 'tis
1.5	20	row begins a line	20			agree	Or does he walk or is
1.5	30	row begins a line	30			agree	When thou wast here above the
1.5	41	row begins a line	41			agree	This orient pearl. His speech sticks
1.5	50	row begins inside a line		50	51	unmapped (P4 number is the containing line)	Cleo. What, was he sad or
1.5	60	row begins a line	60			agree	The violence of either thee becomes,
1.5	71	row begins a line	71			agree	If thou with Cæsar paragon again
2.1	10	row begins a line	10			agree	My powers are crescent, and my
2.1	20	row begins a line	20			agree	Looking for Antony. But all the
2.1	30	row begins a line	30			agree	Expected: since he went from Egypt
2.1	40	row begins a line	41			disagree	His brother warr'd upon him; although,
2.1	50	row begins a line	50			agree	Be't as our gods will have't!
2.2	10	row begins a line	10			agree	Serves for the matter that is
2.2	20	row begins a line	20			agree	May it be gently heard: when
2.2	30	row begins inside a line		30	31	unmapped (P4 number is the containing line)	Cæs. I must be laugh'd at,
2.2	40	row begins inside a line		40	41	unmapped (P4 number is the containing line)	Ant. How intend you, practised Cæs.
2.2	49	row begins a line	49			agree	Discredit my authority with yours; And
2.2	60	row begins a line	60			agree	Could not with graceful eyes attend
2.2	71	row begins a line	71			agree	But say, I could not help
2.2	80	row begins a line	80			agree	Be nothing of our strife; if
2.2	90	row begins a line	90			agree	And then when poison'd hours had
2.2	101	row begins a line	101			agree	Were to remember that the present
2.2	110	row begins a line	109			disagree	Eno. That truth should be silent
2.2	120	row begins a line	120			agree	Agr. Thou hast a sister by
2.2	130	row begins a line	130			agree	Octavia to his wife; whose beauty
2.2	140	row begins a line	140			agree	For 'tis a studied, not a
2.2	150	row begins a line	150			agree	The heart of brothers govern in
2.2	160	row begins inside a line		160	161	unmapped (P4 number is the containing line)	Lep. Time calls upon's: Of us
2.2	170	row begins a line	170			agree	And do invite you to my
2.2	180	row begins inside a line		179	180	unmapped (P4 number is the next line)	in Egypt. Eno. Ay, sir; we
2.2	190	row begins a line	189			disagree	Mec. She's a most triumphant lady,
2.2	200	row begins a line	200			agree	Which to the tune of flutes
2.2	210	row begins inside a line		210	211	unmapped (P4 number is the containing line)	Agr. O, rare for Antony! Eno.
2.2	219	row begins a line	219			agree	Her people out upon her; and
2.2	230	row begins a line	230			agree	And for his ordinary pays his
2.2	240	row begins a line	240			agree	Age cannot wither her, nor custom
2.2	250	row begins a line	250			agree	Whilst you abide here. Eno. Humbly,
2.3	10	row begins a line	10			agree	Ant. Now, sirrah; you do wish
2.3	20	row begins a line	20			agree	Noble, courageous, high, unmatchable, Where Cæsar's
2.3	30	row begins inside a line		30	31	unmapped (P4 number is the containing line)	Ant. Get thee gone: Say to
2.3	40	row begins inside a line		40	41	unmapped (P4 number is the containing line)	O, come, Ventidius, You must to
2.4	10	row begins a line	10			agree	Lep. Farewell. Exeunt. SCENE V Alexandria.
2.5	11	row begins a line	11			agree	My music playing far off, I
2.5	30	row begins a line	30			agree	Have lipp'd, and trembled kissing. Mess.
2.5	40	row begins a line	40			agree	Thou shouldst come like a Fury
2.5	51	row begins a line	51			agree	The good precedence; fie upon 'But
2.5	60	row begins a line	60			agree	Mess. Madam, he's married to Octavia.
2.5	71	row begins a line	71			agree	And I will boot thee with
2.5	90	row begins a line	90			agree	I cannot hate thee worser than
2.5	100	row begins a line	100			agree	To punish me for what you
2.5	110	row begins a line	110			agree	I faint: O Iras, Charmian 'tis
2.6	10	row begins a line	10			agree	Chief factors for the gods, I
2.6	19	row begins a line	19			agree	Have one man but a man
2.6	30	row begins a line	30			agree	For this is from the present—how
2.6	40	row begins inside a line		40	41	unmapped (P4 number is the containing line)	Pom. Know, then, I came before
2.6	50	row begins a line	50			agree	I did not think, sir, to
2.6	60	row begins inside a line		60	61	unmapped (P4 number is the containing line)	Cæs. That's the next to do.
2.6	70	row begins inside a line		70	71	unmapped (P4 number is the containing line)	Pom. What, I pray you Eno.
2.6	80	row begins inside a line		80	81	unmapped (P4 number is the containing line)	Pom. Enjoy thy plainness, It nothing
2.6	90	row begins a line	90			agree	Men. And you by land. Eno.
2.6	101	row begins a line	101			agree	kissing. Men. All men's faces are
2.6	110	row begins inside a line		109	110	unmapped (P4 number is the next line)	away his fortune. Eno. If he
2.6	120	row begins a line	121			disagree	Eno. 'Tis true. Men. Then is
2.6	131	row begins inside a line		131	132	unmapped (P4 number is the containing line)	conversation. Men. Who would not have
2.6	140	row begins inside a line		139	140	unmapped (P4 number is the next line)	married but his occasion here. Men.
2.7	11	row begins a line	11			agree	between him and his discretion. Sec.
2.7	20	row begins inside a line		20	21	unmapped (P4 number is the containing line)	Ant. To Cæsar Thus do they,
2.7	31	row begins inside a line		30	31	unmapped (P4 number is the next line)	is your crocodile. Ant. They are
2.7	41	row begins a line	41			agree	contradiction, I have heard that. Men.
2.7	51	row begins inside a line		50	51	unmapped (P4 number is the next line)	once out of it, it transmigrates.
2.7	61	row begins inside a line		61	62	unmapped (P4 number is the containing line)	Men. Aside to Pom. If for
2.7	71	row begins a line	71			agree	Will give thee all the world.
2.7	81	row begins a line	81			agree	In thee't had been good service.
2.7	90	row begins inside a line		90	91	unmapped (P4 number is the containing line)	Pom. This health to Lepidus! Ant.
2.7	100	row begins a line	100			agree	Eno. Drink thou; increase the reels.
2.7	111	row begins inside a line		111	112	unmapped (P4 number is the containing line)	Pom. Let's ha't, good soldier. Ant.
2.7	120	row begins a line	120			agree	Come, thou monarch of the vine,
2.7	130	row begins a line	130			agree	Is weaker than the wine; and
2.7	141	row begins a line	141			agree	Eno. Ho says a'. There's my
3.1	10	row begins a line	10			agree	Shall set thee on triumphant chariots
3.1	19	row begins a line	19			agree	For quick accumulation of renown, Which
3.1	29	row begins a line	29			agree	Grants scarce distinction. Thou wilt write
3.2	11	row begins a line	11			agree	Eno. Spake you of Cæsar How!
3.2	20	row begins a line	20			agree	Eno. They are his shards, and
3.2	30	row begins a line	30			agree	To keep it builded, be the
3.2	40	row begins a line	40			agree	The elements be kind to thee,
3.2	50	row begins a line	50			agree	And neither way inclines. Eno. Aside
3.2	60	row begins inside a line		61	62	unmapped (neither)	Ant. Come, sir, come; I'll wrestle
3.3	10	row begins a line	10			agree	Cleo. Where Mess. Madam, in Rome;
3.3	20	row begins a line	20			agree	What majesty is in her gait?
3.3	30	row begins inside a line		30	31	unmapped (P4 number is the containing line)	Cleo. Widow! Charmian, hark. Mess. And
3.3	40	row begins a line	40			agree	Most fit for business: go make
3.3	50	row begins a line	50			agree	Where I will write. All may
3.4	10	row begins inside a line		10	11	unmapped (P4 number is the containing line)	Oct. O my good lord, Believe
3.4	20	row begins inside a line		20	21	unmapped (P4 number is the containing line)	Ant. Gentle Octavia, Let your best
3.4	30	row begins a line	30			agree	Your reconciler Wars 'twixt you twain
3.5	20	row begins inside a line		20	21	unmapped (P4 number is the containing line)	Eno. Our great navy's rigg'd. Eros.
3.6	10	row begins a line	10			agree	Of lower Syria, Cyprus, Lydia, Absolute
3.6	30	row begins inside a line		30	31	unmapped (P4 number is the containing line)	Agr. Sir, this should be answer'd.
3.6	40	row begins a line	40			agree	Cæs. That ever I should call
3.6	50	row begins a line	50			agree	Raised by your populous troops: but
3.6	60	row begins inside a line		60	61	unmapped (P4 number is the containing line)	Cæs. Which soon he granted, Being
3.6	70	row begins a line	70			agree	Of Cappadocia; Philadelphos, king Of Paphlagonia;
3.6	80	row begins a line	80			agree	Till we perceived, both how you
3.6	90	row begins a line	90			agree	And ever welcome to us. Agr.
3.7	10	row begins inside a line		10	11	unmapped (P4 number is the containing line)	Cleo. What is 't you say
3.7	20	row begins inside a line		20	21	unmapped (P4 number is the containing line)	Eno. Nay, I have done. Here
3.7	30	row begins inside a line		30	31	unmapped (P4 number is the containing line)	Ant. For that he dares us
3.7	40	row begins a line	40			agree	Shall fall you for refusing him
3.7	49	row begins inside a line		49	50	unmapped (P4 number is the containing line)	Ant. I'll fight at sea. Cleo.
3.7	61	row begins inside a line		61	62	unmapped (P4 number is the containing line)	How now, worthy soldier! Sold. O
3.7	70	row begins a line	70			agree	Not in the power on't: so
3.7	80	row begins a line	80			agree	Mess. The emperor calls Canidius. Can.
3.10	10	row begins a line	10			agree	Where death is sure. Yon ribaudred
3.10	20	row begins a line	20			agree	Claps on his sea-wing, and, like
3.10	30	row begins a line	30			agree	Why, then, good night indeed. Can.
3.11	10	row begins a line	10			agree	Which has no need of you;
3.11	20	row begins a line	20			agree	Which leaves itself: to the sea-side
3.11	30	row begins a line	30			agree	Eros. See you here, sir Ant.
3.11	40	row begins a line	40			agree	In the brave squares of war:
3.11	50	row begins inside a line		50	51	unmapped (P4 number is the containing line)	Eros. Sir, the queen. Ant. O,
3.11	61	row begins a line	61			agree	Command me. Cleo. O, my pardon
3.11	70	row begins a line	70			agree	All that is won and lost:
3.12	10	row begins inside a line		10	11	unmapped (P4 number is the containing line)	Cæs. Be't so: declare thine office.
3.12	20	row begins a line	20			agree	I have no ears to his
3.12	30	row begins a line	30			agree	In their best fortunes strong; but
3.13	20	row begins a line	20			agree	Ant. To him again: tell him
3.13	30	row begins a line	30			agree	Unstate his happiness, and be staged
3.13	39	row begins a line	39			agree	Against the blown rose may they
3.13	49	row begins a line	49			agree	Eno. He needs as many, sir,
3.13	60	row begins inside a line		60	61	unmapped (P4 number is the containing line)	Cleo. He is a god, and
3.13	70	row begins a line	70			agree	To hear from me you had
3.13	80	row begins a line	80			agree	If that the former dare but
3.13	90	row begins a line	90			agree	Authority melts from me: of late,
3.13	110	row begins a line	110			agree	Ant. You have been a boggler
3.13	120	row begins a line	120			agree	Luxuriously pick'd out: for, I am
3.13	131	row begins inside a line		131	132	unmapped (P4 number is the containing line)	Is he whipp'd First Att. Soundly,
3.13	139	row begins a line	139			agree	Shake thou to look on 't.
3.13	160	row begins a line	160			agree	And poison it in the source;
3.13	170	row begins a line	170			agree	Hath nobly held; our sever'd navy
3.13	190	row begins a line	190			agree	Ant. Do so, we'll speak to
3.13	200	row begins a line	200			agree	It eats the sword it fights
4.1	10	row begins inside a line		10	11	unmapped (P4 number is the containing line)	Cæs. Let our best heads Know,
4.2	10	row begins inside a line		10	11	unmapped (P4 number is the containing line)	Give me thy hand, Thou hast
4.2	20	row begins a line	20			agree	Ant. Well, my good fellows, wait
4.2	30	row begins a line	30			agree	I turn you not away; but,
4.2	40	row begins a line	40			agree	For I spake to you for
4.3	10	row begins a line	10			agree	Our navy thrive, I have an
4.3	20	row begins inside a line		20	21	unmapped (P4 number is the containing line)	First Sold. Ay; is't not strange?
4.4	10	row begins inside a line		10	11	unmapped (P4 number is the containing line)	Eros. Briefly, sir. Cleo. Is not
4.4	20	row begins a line	20			agree	To business that we love we
4.4	30	row begins a line	30			agree	This is a soldier's kiss: rebukeable
4.5	10	row begins inside a line		10	11	unmapped (P4 number is the containing line)	Eros. Sir, his chests and treasure
4.6	10	row begins a line	10			agree	That Antony may seem to spend
4.6	20	row begins inside a line		20	21	unmapped (P4 number is the containing line)	Sold. Enobarbus, Antony Hath after thee
4.6	30	row begins a line	30			agree	Eno. I am alone the villain
4.7	10	row begins a line	10			agree	Room for six scotches more. Enter
4.8	10	row begins a line	10			agree	Wash the congealment from your wounds,
4.8	20	row begins a line	20			agree	Do something mingle with our younger
4.8	30	row begins a line	30			agree	Through Alexandria make a jolly march;
4.8	39	row begins a line	39			agree	Applauding our approach. Exeunt. SCENE IX
4.9	10	row begins inside a line		10	11	unmapped (P4 number is the containing line)	Third Sold. Peace! Hark further. Eno.
4.9	20	row begins a line	20			agree	Forgive me in thine own particular;
4.9	31	row begins a line	31			agree	Demurely wake the sleepers. Let us
4.10	9	row begins a line	9			agree	And look on their endeavor. Exeunt.
4.12	10	row begins a line	10			agree	This foul Egyptian hath betrayed me:
4.12	20	row begins a line	20			agree	Do we shake hands. All come
4.12	30	row begins inside a line		30	31	unmapped (P4 number is the containing line)	Ah, thou spell! Avaunt! Cleo. Why
4.12	40	row begins a line	40			agree	If it be well to live;
4.13	10	row begins a line	10			agree	And bring me how he takes
4.14	10	row begins a line	10			agree	The rack dislimns, and makes it
4.14	20	row begins a line	20			agree	Unto an enemy's triumph. Nay, weep
4.14	30	row begins a line	30			agree	Was 'Antony most noble Antony Then
4.14	40	row begins a line	40			agree	Heart, once be stronger than thy
4.14	50	row begins inside a line		49	50	unmapped (P4 number is the next line)	Eros !—I come, my queen:—Eros !—Stay
4.14	60	row begins a line	60			agree	The courage of a woman; less
4.14	80	row begins inside a line		80	81	unmapped (P4 number is the containing line)	Eros. O, sir, pardon me! Ant.
4.14	90	row begins a line	90			agree	My captain, and my emperor, let
4.14	100	row begins a line	100			agree	A bridegroom in my death, and
4.14	109	row begins a line	109			agree	Sec. Guard. Nor I. Third Guard.
4.14	120	row begins a line	120			agree	Dio. Lock'd in her monument. She
4.14	130	row begins a line	130			agree	Come, your lord calls! Enter four
4.14	140	row begins a line	140			agree	And have my thanks for all.
4.15	10	row begins a line	10			agree	Burn the great sphere thou movest
4.15	20	row begins a line	20			agree	Of many thousand kisses the poor
4.15	31	row begins a line	31			agree	Assist, good friends. Ant. O, quick,
4.15	40	row begins inside a line		40	41	unmapped (P4 number is the containing line)	All. A heavy sight Ant. I
4.15	50	row begins a line	50			agree	None about Cæsar. Ant. The miserable
4.15	60	row begins a line	60			agree	Hast thou no care of me
4.15	70	row begins inside a line		70	71	unmapped (P4 number is the containing line)	Iras. Royal Egypt, Empress! Char. Peace,
4.15	80	row begins a line	80			agree	Become a dog that's mad: then
4.15	91	row begins a line	91			agree	But resolution, and the briefest end.
5.1	10	row begins a line	10			agree	To take me to thee, as
5.1	20	row begins a line	20			agree	Not by a public minister of
5.1	30	row begins inside a line		30	31	unmapped (P4 number is the containing line)	Mec. His taints and honors Waged
5.1	40	row begins a line	40			agree	In the whole world: but yet
5.1	50	row begins a line	50			agree	The business of this man looks
5.1	60	row begins inside a line		60	61	unmapped (P4 number is the containing line)	Egyp. So the gods preserve thee
5.1	70	row begins inside a line		70	71	unmapped (P4 number is the containing line)	All. Dolabella! Cæs. Let him alone,
5.2	10	row begins a line	10			agree	And bids thee study on what
5.2	20	row begins a line	20			agree	He gives me so much of
5.2	30	row begins a line	30			agree	The greatness he has got. I
5.2	41	row begins a line	41			agree	Relieved, but not betray'd. Cleo. What,
5.2	50	row begins a line	50			agree	If idle talk will once be
5.2	60	row begins a line	60			agree	Blow me into abhorring! rather make
5.2	70	row begins inside a line		70	71	unmapped (P4 number is the containing line)	Cleo. Say, I would die. Exeunt
5.2	80	row begins a line	80			agree	A sun and moon, which kept
5.2	90	row begins a line	90			agree	The element they lived in: in
5.2	100	row begins inside a line		100	101	unmapped (P4 number is the containing line)	Dol. Hear me, good madam. Your
5.2	110	row begins a line	110			agree	Dol. Madam, he will; I know't.
5.2	120	row begins a line	120			agree	Cleo. Sole sir o' the world,
5.2	129	row begins a line	129			agree	To lay on me a cruelty,
5.2	141	row begins a line	141			agree	Sel. Here, madam. Cleo. This is
5.2	150	row begins inside a line		150	151	unmapped (P4 number is the containing line)	Cleo. See, Cæsar! O, behold, How
5.2	160	row begins a line	160			agree	That thou, vouchsafing here to visit
5.2	170	row begins a line	170			agree	Their mediation; must I be unfolded
5.2	180	row begins a line	180			agree	Not what you have reserved, nor
5.2	190	row begins inside a line		190	191	unmapped (P4 number is the containing line)	Cæs. Not so. Adieu. Flourish. Exeunt
5.2	200	row begins a line	200			agree	I tell you this: Cæsar through
5.2	220	row begins a line	221			disagree	I' the posture of a whore.
5.2	231	row begins a line	231			agree	And, when thou hast done this
5.2	241	row begins a line	241			agree	No planet is of mine. Re-enter
5.2	249	row begins a line	249			agree	Cleo. Rememberest thou any that have
5.2	260	row begins a line	260			agree	Cleo. Get thee hence; farewell. Clown.
5.2	271	row begins a line	271			agree	you, for it is not worth
5.2	280	row begins a line	280			agree	Cleo. Well, get thee gone; farewell.
5.2	301	row begins a line	301			agree	It is not worth leave-taking. Char.
5.2	320	row begins a line	320			agree	And golden Phoebus never be beheld
5.2	330	row begins a line	330			agree	Descended of so many royal kings.
5.2	340	row begins a line	340			agree	Took her own way. The manner
5.2	350	row begins a line	350			agree	As she would catch another Antony
5.2	361	row begins a line	361			agree	She shall be buried by her
