page	witness	col	row	op	p4	witness_reading	other_witness_reading	witnesses_agree
911	miun/kraken	1	38	replace	with	vith	zith	
911	miun/kraken	1	46	replace	I'll	I’Il	I’Il	same
911	miun/kraken	2	1	replace	Perform 't,	PERSONÆ. TAURUS, lieutenant-general to Cæsar. CANIDIUS, lieutenant-general to SILIUS, an officer in Ventidius’s army. EUPHRONIUS, an ambassador from Antony to Cæsar. ALEXAS, MARDIAN, a Eunuch, attendants on SELEUCUS, patra. DIOMEDES, A Soothsayer. A CLEOPATRA, queen of OCTAVIA, sister to Cæsar and wife to CHARMIAN, attendants on Cleopatra. Officers, Soldiers, Messéngers, and other Attendants. SCENE: In several parts of the Roman empire. Perform’t,	PERSONÆ. TAURUS, lieutenant-general to Cæsar. CANIDIUS, lieutenant-general to Antony. SILIUS, an officer in Ventidius’s army. EUPHRONIUS, an ambassador from Antony to Cæsar. ALEXAS, MARDIAN, a Eunuch, l attendants on Cleo¬ SELEUCUS, patra. DIOMEDES, A Soothsayer. A Clown. CLEOPATRA, queen of Egypt. OCTAVIA, sister to Cæsar and wife to Antony. CHARMIAN, attendants on Cleopatra. IRAS, Officers, Soldiers, Messengers, and other Attendants. SCENE: In several parts of the Roman empire. Perform’t,	
911	miun/kraken	2	39	replace	Embracing.	LEmbracing.	[Embracing.	
911	miun/kraken	2	51	replace	There's	There ’s	There’s	
912	miun/kraken	1	5	replace	Exeunt	LExeunt	LExeunt	same
912	miun/kraken	1	5	replace	with	zoith	voith	
912	miun/kraken	1	14	replace	Exeunt.	LExeunt.	IE xeunt.	
912	miun/kraken	1	27	replace	Sooth.		Sooth.	
912	miun/kraken	1	37	replace	Sooth.		Sooth.	
912	miun/kraken	1	39	replace	Iras.		Iras.	
912	miun/kraken	2	4	replace	We'll	We ’Il	We’ll	
912	miun/kraken	2	5	replace	to night,	to-night,	to-night,	same
912	miun/kraken	2	7	replace	Iras.		Tras. There ’s	
912	miun/kraken	2	9	replace	pre sageth	presageth	presageth	same
912	miun/kraken	2	11	replace	Iras.		so Tras.	
912	miun/kraken	2	17	replace	Iras.		Iras.	
912	miun/kraken	2	19	replace	Iras.		Tras.	
912	miun/kraken	2	21	replace	you	vou	you	
912	miun/kraken	2	23	replace	Iras.		Tras.	
912	miun/kraken	2	28	replace	worst	worse	worse	same
912	miun/kraken	2	42	replace	they'ld	they 'ld	they 'ld	same
912	miun/kraken	2	60	replace	ANTONY with	ANToNywith	Anronywith	
912	miun/kraken	2	62	delete		t'a		
912	miun/kraken	2	64	replace	time's	time 's	time 's	same
912	miun/kraken	2	65	replace	joining	jointing	jointing	same
913	miun/kraken	1	27	replace	Exit.	IExit.	[Exit.	
913	miun/kraken	1	30	replace	Sicyon,— is	Sicyon,—is	Sicyon,–is	
913	miun/kraken	1	59	replace	your	vour	your	
913	miun/kraken	2	1	replace	Cleo patra,	Cleopatra,	Cleopatra,	same
913	miun/kraken	2	42	replace	break	breakz	break	
913	miun/kraken	2	63	replace	Exeunt.	IExeunt.	IE xeunt.	
914	miun/kraken	1	7	replace	Exit	LExit	IExit	
914	miun/kraken	1	30	replace	further	farther	farther	same
914	miun/kraken	1	37	replace	you;	vou;	you;	
914	miun/kraken	1	51	replace	color	colour	colour	same
914	miun/kraken	2	7	replace	honor,	honour,	honour,	same
914	miun/kraken	2	18	replace	Ant.		Ant.	
914	miun/kraken	2	24	replace	see,	sec,	see,	
914	miun/kraken	2	38	replace	honorable	honourable	honourable	same
914	miun/kraken	2	44	replace	Life	Like	Like	same
914	miun/kraken	2	44	replace	honor.	honour.	honour.	same
914	miun/kraken	2	45	replace	You'll heat	You ’Il beat	You ’ll heat	
914	miun/kraken	2	61	replace	your	vour	your	
914	miun/kraken	2	62	replace	your	vour	your	
914	miun/kraken	2	64	replace	labor	labour	labour	same
914	miun/kraken	2	68	replace	honor	honour	honour	same
915	miun/kraken	1	8	replace	Exeunt.	LExeunt.	[Exeunt.	
915	miun/kraken	1	9	replace	Cæsar's	Casar's	Cœsar's	
915	miun/kraken	1	35	replace	buffet	buffet¡o	buffet	
915	miun/kraken	1	48	replace	ours,—'tis	ours,—tis	ours,—tis	same
915	miun/kraken	1	52	replace	judgment.	judgement.	judgement.	same
915	miun/kraken	1	54	replace	Here's	Here ’s	Les. Here’s	
915	miun/kraken	1	58	replace	How 'tis	How’tis	How’tis	same
915	miun/kraken	1	65	replace	which	wbich	which	
915	miun/kraken	2	14	replace	on 't,	on’t,	on’t,	same
915	miun/kraken	2	33	replace	honor	honour	honour	same
915	miun/kraken	2	53	replace	Exeunt.	[Exeunz.	IExeunt.	
916	miun/kraken	1	5	delete		ro		
916	miun/kraken	1	28	replace	Phoebus'	Phœbus'	Phœbus'	same
916	miun/kraken	1	29	replace	deep in	deepin	deepin	same
916	miun/kraken	1	39	replace	Yet,	Vet,	Yet,	
916	miun/kraken	1	46	replace	Alex.	A lex.	Alex.	
916	miun/kraken	1	52	replace	And	tAnd	tAnd	same
916	miun/kraken	2	19	replace	judgment:	judgement:	judgement	
916	miun/kraken	2	23	replace	Exeunt.	IExeunt.	(Exeunt. ACTII.	
916	miun/kraken	2	61	replace	honor	honour	honour	same
917	miun/kraken	1	20	replace	Were't	Were 't	Were’t	
917	miun/kraken	1	27	delete		5o	so	
917	miun/kraken	1	29	replace	Exeunt.	IExeunt.	IExeunt.	same
917	miun/kraken	1	41	replace	shave't	shave ’t	shave’t	
917	miun/kraken	1	52	replace	VENTIDUS.	VENTIDIUS.	VENTIDIUS.	same
917	miun/kraken	2	17	replace	Chiefly	Chiefty	Chiefly	
917	miun/kraken	2	42	delete		5o		
917	miun/kraken	2	44	replace	you'll	you ’ll	you ’ll	same
917	miun/kraken	2	47	replace	yourself	vourself	yourself	
917	miun/kraken	2	48	replace	judgment	judgement	judgement	same
917	miun/kraken	2	53	replace	cause 'gainst	cause’gainst	cause ’gainst	
918	trent/kraken	1	8	replace	ask'd	aske’d	ask’d	
918	trent/kraken	1	17	replace	honor	honour	honour	same
918	trent/kraken	1	24	delete		go	oo	
918	trent/kraken	1	26	replace	I'll	I ’Il	I'll	
918	trent/kraken	1	31	replace	honor	honour	honour	same
918	trent/kraken	1	36	delete		1o0	roo	
918	trent/kraken	2	56	replace	I'll	I’Il	I’Il	same
918	trent/kraken	2	64	replace	Mecænas!	nas!	Mecæ¬ nas!	
918	trent/kraken	2	65	replace	honorable	honourable	honourable	same
919	miun/kraken	1	29	replace	divers-color'd	divers-colour'd	divers-colour’d	
919	miun/kraken	2	9	replace	Exeunt.	IExeunt.	IExeunt.	same
919	miun/kraken	2	11	replace	between	betzveen	between	
919	miun/kraken	2	26	replace	Exeunt	LExeunt	IExeunt	
919	miun/kraken	2	28	replace	yourself	vourself	yourself	
919	miun/kraken	2	41	replace	that's	that ’s	that ’s	same
919	miun/kraken	2	45	replace	you.	vou.	you.	
919	miun/kraken	2	47	replace	Sooth.		Sooth.	
919	miun/kraken	2	58	replace	Exit	LExit	IExit	
920	miun/kraken	1	5	replace	commission's	commission ’s	commission ’s	same
920	miun/kraken	1	6	replace	receive't.	receive ’t. LE xeunt.	receive 't. [Exeunt.	
920	miun/kraken	1	13	replace	we'll	we 'Il	we ’ll	
920	miun/kraken	1	22	replace	You'll	You ’ll	You ’ll	same
920	miun/kraken	1	24	delete		J		
920	miun/kraken	1	25	replace	Lep.	Le5.	Agr.) Lep.	
920	miun/kraken	1	31	replace	Att.		Attend.	
920	miun/kraken	1	37	replace	you'll	you ’ll	you ’ll	same
920	miun/kraken	1	42	replace	I'll	I'Il	I’ll	
920	miun/kraken	1	47	replace	I'll	I’Il	I’ll	
920	miun/kraken	1	48	replace	caught.'	"caugnt."""	caugnt.?	
920	miun/kraken	2	2	replace	dead If	dead!—If	dead!—If	same
920	miun/kraken	2	5	replace	kings	king¬	kings	
920	miun/kraken	2	8	replace	there's	there ’s	there’s	
920	miun/kraken	2	16	replace	favor	favour	favour	same
920	miun/kraken	2	26	replace	I'll	I’Il	I’ll	
920	miun/kraken	2	28	replace	he's	he ’s	he ’s	same
920	miun/kraken	2	36	delete		so	5o	
920	miun/kraken	2	37	replace	upon 'But	upon“But	upon“ But	
920	miun/kraken	2	47	replace	He's	He ’s	He’s	
920	miun/kraken	2	53	replace	Strikes	[Striles	[Strikes	
920	miun/kraken	2	57	replace	I'll	I'Il	I’Il	
920	miun/kraken	2	58	replace	I'll	I’Il	I’Il	same
921	miun/kraken	1	5	replace	Draws	IDravos	[Drazs	
921	miun/kraken	1	5	replace	knife.		knife.	
921	miun/kraken	1	6	replace	I'll	I’Il	I’Il	same
921	miun/kraken	1	8	replace	Exit.	IExit.	[Exit.	
921	miun/kraken	1	12	replace	innocents 'scape	innocents’scape	innocents’scape	same
921	miun/kraken	1	18	replace	Exit	IExit	[Exit	
921	miun/kraken	1	24	replace	good	good4	good	
921	miun/kraken	1	64	replace	color	colour	colour	same
921	miun/kraken	1	65	replace	Exit	IExit	(Exit	
921	miun/kraken	1	66	replace	go :—let	go:–let	go:—let	
921	miun/kraken	1	66	replace	not—Charmian,	not–Charmian,//6	not–Charmian,	
921	miun/kraken	2	6	replace	Exeunt.	IExeunt.	(Exeunt.	
921	miun/kraken	2	10	replace	MECÆNAS,	ME¬ CÆNAS,	ME¬ CÆNAS, avith	
921	miun/kraken	2	19	replace	If 'twill	If'twill	If ’twill	
921	miun/kraken	2	28	replace	laboring	labouring	labouring	same
921	miun/kraken	2	29	delete		fé		
921	miun/kraken	2	30	replace	all-honor'd,	all-honour'd,	all-honour’d,	
921	miun/kraken	2	31	replace	and	of	of	same
921	miun/kraken	2	35	replace	burthen	burthero	burthen	
921	miun/kraken	2	42	replace	We'll	We 'Il	We’Il	
921	miun/kraken	2	60	replace	this 'greed	this’greed	this ’greed	
921	miun/kraken	2	63	replace	Lep.		Lep.	
922	miun/kraken	1	3	replace	Your	Y our	Your	
922	miun/kraken	1	13	replace	by 't.	by’t.	by’t.	same
922	miun/kraken	1	26	replace	We'll	We’Il	We ’Il	
922	miun/kraken	1	50	replace	behavior.	behaviour.	behaviour.	same
922	miun/kraken	1	61	replace	Exeunt	LExeunt	IExeunt	
922	miun/kraken	1	62	replace	Aside	IAsidel	[Asidel	
922	miun/kraken	2	11	replace	what- some'er	whatsome’er	whatsome’er	same
922	miun/kraken	2	54	replace	Exeunt.	IExeunt.	(Exeunt.	
922	miun/kraken	2	59	replace	they'll	they’Il	they’ll	
922	miun/kraken	2	62	replace	high-colored.	high-coloured.	high-coloured.	same
923	trent/kraken	1	2	delete		I1		
923	trent/kraken	1	3	delete		it	it	same
923	trent/kraken	1	11	replace	ANTONY,LEPIDUS,	ANTONY, LEPIDUS,	ANTONY, LEPIDUS,	same
923	trent/kraken	1	12	replace	ENOBARBUS,	BARBUS,	ENO¬ BARBUS,	
923	trent/kraken	1	13	replace	with	avith	with	
923	trent/kraken	1	14	replace	To Cæsar	17° Cœsarl	[To Cæsar]	
923	trent/kraken	1	22	replace	You've	You ve	You’ve	
923	trent/kraken	1	30	replace	Lep.		Lep.	
923	trent/kraken	1	30	replace	I'll	l’Il	I’Il	
923	trent/kraken	1	32	replace	you'll	you’Il	you’Il	same
923	trent/kraken	1	37	replace	Aside	LAside	[Aside	
923	trent/kraken	1	38	replace	to	t°	to	
923	trent/kraken	1	48	replace	its	it	it	same
923	trent/kraken	1	51	replace	color	colour	colour	same
923	trent/kraken	1	52	replace	color	colour	colour	same
923	trent/kraken	1	61	delete		I		
923	trent/kraken	2	2	replace	What's	What 's	What's	
923	trent/kraken	2	15	replace	Now,	No,	No,	same
923	trent/kraken	2	19	replace	ha't.	ha ’t.	ha’t.	
923	trent/kraken	2	27	replace	on't!	on 't!	on ’t!	
923	trent/kraken	2	28	replace	thee't	thee 't	thee 't	same
923	trent/kraken	2	30	replace	honor;	honour;	honour;	same
923	trent/kraken	2	31	replace	honor,	honour,	honour,	same
923	trent/kraken	2	35	replace	Aside	[Asidel	[Asidel	same
923	trent/kraken	2	36	replace	I'll	I’Il	I’Il	same
923	trent/kraken	2	37	replace	seeks,	secks,	secks,	same
923	trent/kraken	2	41	replace	I'll	I’Il	I’Il	same
923	trent/kraken	2	47	replace	Pointing	IPointing	IPointing	same
923	trent/kraken	2	47	replace	who	rcho	zuho	
923	trent/kraken	2	62	replace	labor,	labour,	labour,	same
923	trent/kraken	2	65	replace	I'll	I’Il	I ’ll	
924	trent/kraken	1	9	replace	I'll	I’Il	I’Il	same
924	trent/kraken	1	33	replace	I'll	I’Il	I’Il	same
924	trent/kraken	1	40	replace	Exeunt	[E xeunt	[E xeunt	same
924	trent/kraken	1	41	replace	I'll	I’Il	I’Il	same
924	trent/kraken	1	46	replace	drums.	drumns.	vith drums.	
924	trent/kraken	1	49	replace	ACT III	ACTIII.	ACTIII.	same
924	trent/kraken	1	51	replace	were	wvere	vere	
924	trent/kraken	1	51	replace	with	voith	zuith	
924	trent/kraken	2	8	replace	serve's	serve ’s	serve 's	
924	trent/kraken	2	14	replace	favor.	favour.	favour.	same
924	trent/kraken	2	26	replace	I'll	I’Il	I’Il	same
924	trent/kraken	2	36	replace	Exeunt.	[E xeunt.	IE xeunt.	
925	miun/kraken	1	11	replace	in 't.	in’t.	in’t.	same
925	miun/kraken	1	34	replace	April 's	April’s	April’s	same
925	miun/kraken	1	48	replace	to	10	to	
925	miun/kraken	1	48	delete		I		
925	miun/kraken	1	48	replace	weep	ween?	weep?	
925	miun/kraken	1	65	replace	I'll	I'Il	I’Il	
925	miun/kraken	2	1	replace	Lep.		Lep.	
925	miun/kraken	2	3	replace	Cæs.		Cæs.	
925	miun/kraken	2	5	delete		LTrumpets sound.	ITrumpets sound. Exeunt.	
925	miun/kraken	2	6	replace	Cleopatra's	Cleovatra's	Cleopatra's	
925	miun/kraken	2	52	replace	judgment.	judgement.	judgement.	same
925	miun/kraken	2	64	replace	color	colour?	colour?	same
925	miun/kraken	2	65	replace	forehead	forehead’é	forehead	
926	miun/kraken	1	1	replace	There's	There ’s	There ’s	same
926	miun/kraken	1	17	replace	But 'tis	But’tis	But 'tis	
926	miun/kraken	1	25	replace	wars 'gainst	wars’gainst	wars 'gainst	
926	miun/kraken	1	29	replace	honor,	honour,	honour,	same
926	miun/kraken	1	31	replace	took 't,	took’t,	took’t,	same
926	miun/kraken	1	49	replace	honor,	honour,	honour,	same
926	miun/kraken	1	55	replace	your	vour	your	
926	miun/kraken	1	61	replace	Wars 'twixt	Wars'twixt	Wars 'twixt	
926	miun/kraken	2	5	replace	Exeunt.	IExeunt.	[Exeunt.	
926	miun/kraken	2	9	replace	There's	There ’s	There’s	
926	miun/kraken	2	11	replace	Cæsar	Caesar	Cæsar	
926	miun/kraken	2	24	replace	They'll	They’Il	They'Il	
926	miun/kraken	2	37	delete		Come, sir. IExeunt.	Eros. Come, sir. WExeunt.	
926	miun/kraken	2	38	replace	Cæsar's	Cesar's	Cœsar's	
926	miun/kraken	2	42	replace	of 't:	of't:	of't	
926	miun/kraken	2	58	replace	Phoenicia:	Phœnicia:	Phœnicia:	same
927	trent/kraken	1	29	replace	upon us	uponus	uponus	same
927	trent/kraken	2	40	replace	Aside	(Asidel	[Asidel	
927	trent/kraken	2	44	replace	is 't	is't	is’t	
927	trent/kraken	2	64	replace	take in	takein	take in	
928	miun/kraken	1	30	replace	I'll	I’Il	I’Il	same
928	miun/kraken	1	42	replace	person 'tis	person?'tis	person? ’tis	
928	miun/kraken	1	46	replace	We'll	We’Il	We’Il	same
928	miun/kraken	1	46	replace	our ship:	ourship:	ourship	
928	miun/kraken	1	54	replace	Phoenicians	Phœnicians	Phœnicians	same
928	miun/kraken	1	58	replace	Exeunt	LExeunt	[Exeunt	
928	miun/kraken	2	12	replace	labor,	labour,	labour,	same
928	miun/kraken	2	14	replace	Exeunt.	LExeunt.	IExeunt.	
928	miun/kraken	2	15	replace	plain	Blain	plain	
928	miun/kraken	2	16	replace	with	wvith	wvith	same
928	miun/kraken	2	33	replace	with	voith	with	
928	miun/kraken	2	54	replace	o'ertake !—i'	o’ertake!—i'	o’ertake!–i'the	
929	miun/kraken	1	1	replace	view. Scar.	vew.	view. Scar.	
929	miun/kraken	1	7	replace	honor,	honour,	honour,	same
929	miun/kraken	1	9	replace	Eno.		Eno.	
929	miun/kraken	1	12	replace	sinks	sinles	sinks	
929	miun/kraken	1	16	replace	Eno.		Eno.	
929	miun/kraken	1	20	replace	further	furtner	furtner	same
929	miun/kraken	1	30	replace	with	wvith	with	
929	miun/kraken	1	45	replace	treasure's	treasure ’s	treasure’s	
929	miun/kraken	1	45	replace	harbor,	harbour,	harbour,	same
929	miun/kraken	1	52	replace	your	vour	your	
929	miun/kraken	1	59	replace	I'll	I’Il	I’Il	same
929	miun/kraken	1	60	replace	down.	dowm,	dorvn.	
929	miun/kraken	1	62	replace	following. Eros.	fallowing.	followng. Eros.	
929	miun/kraken	1	65	replace	Iras.		Tras.	
929	miun/kraken	2	7	replace	Iras.		Iras.	
929	miun/kraken	2	10	replace	e'en	c’en	e’en	
929	miun/kraken	2	17	replace	Iras.		Tras.	
929	miun/kraken	2	19	replace	him:	me	me	same
929	miun/kraken	2	31	replace	dishonor.	dishonour.	dishonour.	same
929	miun/kraken	2	43	replace	young	voung	young	
929	miun/kraken	2	56	replace	wine,	wihe,	wine,	
929	miun/kraken	2	59	replace	Exeunt.	IExeunt.	IExeunt.	same
929	miun/kraken	2	61	replace	DOLABELLA,	DOLABELIA,	DOLaBELla, THVREUS, vvith	
929	miun/kraken	2	61	replace	with	avitk	THVREUS, vvith	
929	miun/kraken	2	63	replace	Cæs.		Cæs.	
930	miun/kraken	1	29	replace	Exit	IExit	IExit	same
930	miun/kraken	1	30	replace	To Thyreus	ITo Thyreusl	ITo Thyreus]	
930	miun/kraken	1	37	replace	ne'er touch'd	ne’er-touch’d	ne’er-touch’d	same
930	miun/kraken	1	61	replace	meered	tmeered	meered	
930	miun/kraken	1	61	delete		1o		
930	miun/kraken	2	1	replace	with	vith	vvith	
930	miun/kraken	2	7	replace	yield	vield	yield	
930	miun/kraken	2	23	replace	I'll	I’Il	I’Il	same
930	miun/kraken	2	24	replace	Exeunt	IExeunt	[Exeunt	
930	miun/kraken	2	28	replace	judgments	judgements	judgements	same
930	miun/kraken	2	35	replace	judgment	judgement	judgement	same
930	miun/kraken	2	42	replace	Exit	IExit	LExit	
930	miun/kraken	2	43	replace	Aside	[Asidel	LAsidel	
930	miun/kraken	2	52	replace	apart.	apatt.	apart.	
930	miun/kraken	2	56	replace	Cæsar	Ceesar	Cæsar	
930	miun/kraken	2	56	delete		so	go Wili	
930	miun/kraken	2	63	replace	Go on:	Goon:	Go on	
931	miun/kraken	1	1	replace	honor,	honour,	honour,	same
931	miun/kraken	1	6	replace	honor	honour	honour	same
931	miun/kraken	1	18	replace	And	tAnd	tAnd	same
931	miun/kraken	1	25	replace	at 's	at’s	at’s	same
931	miun/kraken	1	28	replace	your	vour	your	
931	miun/kraken	1	38	replace	Favors,	Favours,	Favours,	same
931	miun/kraken	1	43	replace	Aside	Lside]	(Asidel	
931	miun/kraken	1	53	replace	Aside	LAsidel	[Asidel	
931	miun/kraken	2	2	replace	Exeunt	LExeunt	LExeunt	same
931	miun/kraken	2	2	replace	with	vith	veith	
931	miun/kraken	2	4	replace	left	lest	left	
931	miun/kraken	2	11	replace	on't !—the	on’t!–the	on’t !–the	
931	miun/kraken	2	12	replace	judgments;	judgements;	judgements;	same
931	miun/kraken	2	34	replace	with THYREUS.	vith THVREUS.	woith THVREUS.	
931	miun/kraken	2	38	replace	favor.	favour.	favour.	same
931	miun/kraken	2	46	replace	on 't.	on’t.	on ’t.	
931	miun/kraken	2	56	replace	bondman,	hondman,	bondman,	
932	miun/kraken	1	6	replace	Till	TiIl	Till	
932	miun/kraken	1	27	replace	I'll	I’Il	I’Il	same
932	miun/kraken	1	38	replace	Ant.	Ané.	Ant.	
932	miun/kraken	1	38	replace	we'll	we ’Il	we’ll	
932	miun/kraken	1	39	replace	I'll	I’Il	I’Il	same
932	miun/kraken	1	45	replace	Enobarbus.	Enobarous.	Enobarbus.	
932	miun/kraken	1	46	replace	he'll	he’Il	he’ll	
932	miun/kraken	1	51	replace	valor	valour	valour	same
932	miun/kraken	1	52	replace	It	ft	It	
932	miun/kraken	1	55	replace	Alexandria.	A lexamdrin.	Alexandria. Cæsars	
932	miun/kraken	1	60	replace	my	miy	my	
932	miun/kraken	1	63	replace	ruffian	russan	ruffian	
932	miun/kraken	2	5	delete		1o		
932	miun/kraken	2	12	replace	Exeunt.	LExeunt.	LExeunt.	same
932	miun/kraken	2	14	replace	CHARMIAN,	MIAN,	CHAR¬ MIAN,	
932	miun/kraken	2	23	replace	I'll	I’Il	I’Il	same
932	miun/kraken	2	24	replace	honor	honour	honour	same
932	miun/kraken	2	26	replace	I'll	I’Il	I’Il	same
932	miun/kraken	2	36	replace	Eno.		Ena	
932	miun/kraken	2	58	replace	You'll	You’Il	You ’Il	
932	miun/kraken	2	61	replace	good	goed	good	
932	miun/kraken	2	63	replace	yield	vield	yield	
933	miun/kraken	1	11	replace	I'll	I’Il	I’Il	same
933	miun/kraken	1	12	replace	honor.	honour.	honour.	same
933	miun/kraken	1	13	replace	Exeunt.	IExeunt.	(Exeunt.	
933	miun/kraken	1	15	replace	two	tze	tuo	
933	miun/kraken	1	22	replace	rumor.	rumour.	rumour.	same
933	miun/kraken	1	25	replace	two	tavo	tavo	same
933	miun/kraken	1	28	replace	corner of	conver ar	corner oy	
933	miun/kraken	1	31	delete		ro		
933	miun/kraken	1	35	replace	Music	LMusic	(Music	
933	miun/kraken	1	35	replace	the	ile	the	
933	miun/kraken	1	39	replace	First	Farst	First	
933	miun/kraken	1	43	replace	First	Fixst	First	
933	miun/kraken	1	48	replace	Sold. Walk;	SSold. Wake;	Sold. Walk;	
933	miun/kraken	1	50	replace	They	IThey	(They	
933	miun/kraken	1	64	replace	armor,	armour,	armour,	same
933	miun/kraken	2	3	replace	armor,	armour,	armour,	same
933	miun/kraken	2	4	replace	with armor.	vvith armour.	with armour.	
933	miun/kraken	2	8	replace	I'll	I’Il	I’ll	
933	miun/kraken	2	10	replace	Ant.		Ant.	
933	miun/kraken	2	11	replace	armorer	armourer	armourer	same
933	miun/kraken	2	12	replace	I'll	I’Il	I’Il	same
933	miun/kraken	2	16	replace	Briefly,	Briefiy,	Briefly,	
933	miun/kraken	2	31	replace	Sold.	SSold.	Sold.	
933	miun/kraken	2	34	replace	flourish.	fiourish.	flourish.	
933	miun/kraken	2	39	replace	youth	vouth	youth	
933	miun/kraken	2	45	replace	I'll	I’Il	I’Il	same
933	miun/kraken	2	47	replace	I'll	I’Il	I’Il	same
933	miun/kraken	2	48	replace	Exeunt	LExeunt	(Exeunt	
933	miun/kraken	2	52	replace	he and	heand	heand	same
933	miun/kraken	2	55	replace	camp.	camb.	camp.	
934	miun/kraken	1	15	replace	do it;	doit;	do it	
934	miun/kraken	1	23	replace	Flourish.	Flourisk.	Flourish.	
934	miun/kraken	1	23	replace	AGRIPPA, with ENOBARBUS,	AGRIBPA, vvitk BARBUS,	Casar, AGRIPPA, wvith ENo¬ BARBUS,	
934	miun/kraken	1	28	replace	Exit.	IExit.	(Exit.	
934	miun/kraken	1	29	delete		e		
934	miun/kraken	1	39	replace	Enobarbus.	Enobardus.	Enobarbus.	
934	miun/kraken	1	46	replace	honorable	honourable	honourable	same
934	miun/kraken	1	60	replace	Exit.	IExit.	IExit.	same
934	miun/kraken	2	8	replace	Exit.	IExit.	IExit.	same
934	miun/kraken	2	9	replace	between	betveen	betwveen	
934	miun/kraken	2	15	replace	Exeunt.	IExeunt.	(Exeunt.	
934	miun/kraken	2	17	replace	wounded.	vounded.	zoonended.	
934	miun/kraken	2	26	replace	beat 'em	beat’em	beat ’em	
934	miun/kraken	2	34	replace	snatch 'em	snatch’em	snatch ’em	
934	miun/kraken	2	38	replace	valor.	valour.	valour.	same
934	miun/kraken	2	42	replace	with	zoith	zoith	same
934	miun/kraken	2	46	replace	we'll	we Il	we’Il	
934	miun/kraken	2	57	replace	honor'd	honour'd	honour'd	same
934	miun/kraken	2	57	replace	To Scarus	17o Scarusl	[7o Scarus]	
934	miun/kraken	2	60	replace	I'll	I’Il	I’ll	
935	miun/kraken	1	14	replace	favoring	favouring	favouring	same
935	miun/kraken	1	18	replace	I'll	I'Il	I’Il	
935	miun/kraken	1	19	replace	armor	armour	armour	same
935	miun/kraken	1	21	replace	Phoebus'	Phœbus'	Phœbus'	same
935	miun/kraken	1	33	replace	Exeunt.	LExeunt.	IExeunt.	
935	miun/kraken	1	42	replace	to's.	to 's.	to ’s.	
935	miun/kraken	1	53	replace	Hark	Harl	Hark	
935	miun/kraken	1	61	replace	finish	finisu	finish	
935	miun/kraken	1	66	replace	O	Q	O	
935	miun/kraken	1	66	replace	Antony! Dies.	Anteny! IDies.	Antony! (Dies.	
935	miun/kraken	2	14	replace	Drums	IDrums	[Drums	
935	miun/kraken	2	18	replace	Third	Thira	Thira	same
935	miun/kraken	2	25	replace	they 'ld	they’ld	they’ld	same
935	miun/kraken	2	30	replace	They	tThey	tThey	same
935	miun/kraken	2	32	replace	endeavor. Exeunt.	endeavour. LExeunt.	endeavour. (Exeunt.	
935	miun/kraken	2	39	replace	Exeunt.	LExeunt.	(Exeunt.	
935	miun/kraken	2	44	replace	I'll	I’Il	I’Il	same
935	miun/kraken	2	45	replace	Exit.	IExit.	(Exit.	
935	miun/kraken	2	53	replace	Alarum	LAlarum	LAlarum	same
935	miun/kraken	2	55	replace	Ant.		ANTONV. Ant.	
935	miun/kraken	2	57	replace	yielded	vielded	yielded	
936	miun/kraken	1	3	replace	Exit	IExit	[Exit	
936	miun/kraken	1	24	replace	spot	"spot'z"""	spot	
936	miun/kraken	1	26	replace	poor'st	poor' st	poor’st	
936	miun/kraken	1	29	replace	Exit	IExit	(Exit	
936	miun/kraken	1	35	delete		Alcides, thou mine ancestor, thy rage:	Alcides, thou mine ancestor, thy rage:	same
936	miun/kraken	1	36	replace	moon; Alcides, thou mine ancestor, thy rage:	moone	moon;	
936	miun/kraken	1	40	replace	young	voung	young	
936	miun/kraken	1	47	replace	Help me,	Helpme,	Helpme,	same
936	miun/kraken	2	1	replace	Sometimes	Sometime	Sometime	same
936	miun/kraken	2	3	replace	vapor	vapour	vapour	same
936	miun/kraken	2	19	replace	queen,—	queen,—8	queen.—	
936	miun/kraken	2	21	replace	annex'd	annex d	annex’d	
936	miun/kraken	2	25	replace	triumph.	triuraph.	triumph.	
936	miun/kraken	2	34	delete		E		
936	miun/kraken	2	37	replace	has	nas	nas	same
936	miun/kraken	2	42	replace	render'd	render d	render d	same
936	miun/kraken	2	47	replace	To	ITo	(To	
936	miun/kraken	2	47	delete		1		
936	miun/kraken	2	49	replace	labor	labour	labour	same
936	miun/kraken	2	49	replace	Exit	LExit	[Exit	
936	miun/kraken	2	57	replace	Exit	LExit	[Exit	
936	miun/kraken	2	59	replace	pardon.	pandon.	pardon.	
936	miun/kraken	2	59	replace	now	nove	now	
936	miun/kraken	2	61	replace	labor	labour	labour	same
936	miun/kraken	2	64	replace	Eros !—I come,	Eros!–Icome,	Eros !—I come,	
936	miun/kraken	2	64	replace	queen:—Eros	queen	queen Eros	
937	trent/kraken	1	6	replace	dishonor,	dishonour,	dishonour,	same
937	trent/kraken	1	18	replace	do 't;	do’t;	do't;	
937	trent/kraken	1	19	replace	defeat'st.	deteat’st.	defeat’st.	
937	trent/kraken	1	20	replace	color	colour	colour	same
937	trent/kraken	1	67	replace	Falling	FFalling	FFalling	same
937	trent/kraken	2	5	replace	I	1	I	
937	trent/kraken	2	6	replace	make	mable	mak:e	
937	trent/kraken	2	14	replace	Exeunt	LExeunt	LExeunt Guany.	
937	trent/kraken	2	36	replace	your	vour	vour	same
937	trent/kraken	2	47	replace	five	ive	five	
937	trent/kraken	2	47	replace	ANTONY.	ANTONV.	ANTONV.	same
937	trent/kraken	2	63	replace	Exeunt,	LExeunt,	IExeunt,	
938	miun/kraken	1	2	replace	with	vith	with	
938	miun/kraken	1	25	replace	valor	valour	valour	same
938	miun/kraken	1	40	replace	Your	Vour	Your	
938	miun/kraken	1	41	replace	honor	honour	honour	same
938	miun/kraken	1	53	replace	Wishes	Wishers	Wishers	same
938	miun/kraken	2	2	replace	honor,	honour,	honour,	same
938	miun/kraken	2	6	replace	I'll	I’Il	I’ll	
938	miun/kraken	2	21	replace	Antony	IAntony	(Antony	
938	miun/kraken	2	27	replace	Faints.	FFaints.	FFaints.	same
938	miun/kraken	2	31	replace	Iras.		Iras.	
938	miun/kraken	2	43	replace	scottish,	sottish,	sottish,	same
938	miun/kraken	2	46	replace	to us	tous?	to us?	
938	miun/kraken	2	51	replace	We'll	7* We’Il	We’Il	
938	miun/kraken	2	59	replace	Exeunt;	LExeunt;	IE xeunt;	
938	miun/kraken	2	59	replace	off	ofr	off	
938	miun/kraken	2	62	delete		Alexandria.	Alexandria.	same
938	miun/kraken	2	63	replace	MECÆNAS,	NAS,	MECÆ¬ NAS,	
938	miun/kraken	2	64	replace	his	hir	his	
939	trent/kraken	1	2	replace	Exit.	LExit.	[Exit.	
939	trent/kraken	1	3	replace	with	wvith	vith	
939	trent/kraken	1	3	replace	sword	savord	svord	
939	trent/kraken	1	3	replace	ANTONY.	ANTONV.	ANTONY.	
939	trent/kraken	1	19	replace	the	tthe	fthe	
939	trent/kraken	1	27	replace	honor	honour	honour	same
939	trent/kraken	1	38	replace	honors	honours	honours	same
939	trent/kraken	1	64	replace	We'll	We ’Il	We 'Il	
939	trent/kraken	1	65	replace	Egyp.	Egyó.	Egyp.	
939	trent/kraken	2	6	replace	honorable	honourable	honourable	same
939	trent/kraken	2	10	replace	Cæs.		Cæs.	
939	trent/kraken	2	41	replace	PROCULEIUS,	Procu¬ LEIUS,	PRoCU¬ LEIUS,	
940	trent/kraken	1	6	replace	I'll	I’Il	I’Il	same
940	trent/kraken	1	10	replace	Here	HHere	HHere	same
940	trent/kraken	1	12	replace	window,	vindozo,	vindow,	
940	trent/kraken	1	15	replace	To	ITo	ITo	same
940	trent/kraken	1	15	replace	Guard	Guara]	Guara]	same
940	trent/kraken	1	35	replace	Worthy	Worth	Worth	same
940	trent/kraken	1	37	replace	I	1	I	
940	trent/kraken	1	37	replace	I'll	I’Il	I’Il	same
940	trent/kraken	1	39	replace	I'll	I’Il	L'Il	
940	trent/kraken	1	39	replace	I'll	I’Il	I’Il	same
940	trent/kraken	1	58	replace	I'll	L’Il	I ’ll	
940	trent/kraken	1	61	replace	To	ITo	ITo	same
940	trent/kraken	1	63	replace	you'll	you ’ll	you ’Il	
940	trent/kraken	1	64	replace	Cleo.		Cleo.	
940	trent/kraken	1	66	replace	heard of	heardof	heard of	
940	trent/kraken	2	10	replace	and	aud	and	
940	trent/kraken	2	16	replace	rear'd arm	rear’darm	rear’d arm	
940	trent/kraken	2	21	replace	in't;	in ’t;	in’t;	
940	trent/kraken	2	33	replace	hearing	liearing	hearing	
940	trent/kraken	2	50	replace	honorable,—	honourable,	honourable,—	
940	trent/kraken	2	53	replace	within,	wvithin,	within,	
940	trent/kraken	2	55	replace	MECÆNAS,	NAS,	MECÆ¬ NAS,	
940	trent/kraken	2	59	replace	kneels.		kneels.	
941	trent/kraken	1	1	replace	world,	werld,	werld,	same
941	trent/kraken	1	13	replace	bereave	bercave	bereave	
941	trent/kraken	1	15	replace	I'll	I’Il	I’Il	same
941	trent/kraken	1	16	replace	If	It	fthereon	
941	trent/kraken	1	16	replace	I'll	I’Il	I’Il	same
941	trent/kraken	1	17	replace	Cleo.		Cleo.	
941	trent/kraken	1	23	replace	Cleo.	Cèeo.	Cieo.	
941	trent/kraken	1	33	replace	seal	scal	seal	
941	trent/kraken	1	40	delete		150.		
941	trent/kraken	1	47	replace	I'll	I’Il	I’Il	same
941	trent/kraken	1	55	replace	honor	honour	honour	same
941	trent/kraken	1	55	replace	thy	tliy	thy	
941	trent/kraken	1	67	replace	To Seleucus	ITo Seleucusl	ITo Seleucus]	
941	trent/kraken	1	69	replace	spirits	soirits	spirits	
941	trent/kraken	2	6	replace	Cleo.		Cleo.	
941	trent/kraken	2	11	replace	Cæs.	Cœes.	Cœs.	
941	trent/kraken	2	14	replace	i' the	i'the	i' the	
941	trent/kraken	2	16	replace	you	vou	you	
941	trent/kraken	2	23	replace	Our	Qur	Our	
941	trent/kraken	2	25	replace	Cleo.	Céeo.	Cleo.	
941	trent/kraken	2	28	replace	Cleo.	Cìeo.	Cieo.	
941	trent/kraken	2	31	replace	Whispers	(IVhispers	[Whispers	
941	trent/kraken	2	55	replace	think'st	thinle' st	think’st	
941	trent/kraken	2	61	replace	vapor.	vapour.	vapour.	same
942	trent/kraken	1	5	replace	Iras.		Truss.	
942	trent/kraken	1	7	replace	Iras. I'll	I’Il	Tras. I’Il	
942	trent/kraken	1	7	replace	see 't;	see’t;	see’t;	same
942	trent/kraken	1	17	replace	we'll	we’Il	we ’Il	
942	trent/kraken	1	18	replace	I'll	I’Il	I’ll	
942	trent/kraken	1	22	replace	Iras.		LExit Iras.	
942	trent/kraken	1	34	replace	with	zvith	with	
942	trent/kraken	1	47	replace	Clown.		Clozon.	
942	trent/kraken	1	58	replace	Clown.		Clown.	
942	trent/kraken	1	59	replace	down	dozon	dozon	same
942	trent/kraken	2	4	replace	Clown.		Clown.	
942	trent/kraken	2	7	replace	Clown.		Clown.	
942	trent/kraken	2	15	replace	Clown.		Clown.	
942	trent/kraken	2	16	replace	Exit.	IExit.	LE xit	
942	trent/kraken	2	17	replace	crown, &c.	crozon,	crown, c.	
942	trent/kraken	2	44	replace	He'll	He ’Il	He ’Il	same
942	trent/kraken	2	47	replace	To	ITo	ITo	same
942	trent/kraken	2	49	replace	fool,	foo,	fool,	
942	trent/kraken	2	57	replace	O,	1O,	O,	
942	trent/kraken	2	62	replace	Dies.	IDies.	LDies.	
942	trent/kraken	2	65	replace	unparalleled.	unparallel’d.	unparallel’d.	same
942	trent/kraken	2	66	replace	Phoebus	Phœbus	Phœbus	same
943	miun/kraken	1	6	replace	Applies	IApplies	LApplies	
943	miun/kraken	1	7	replace	O,	D,	O,	
943	miun/kraken	1	17	replace	Dies.	IDies.	(Dies.	
943	miun/kraken	1	24	replace	hinder.	hinder.2	hinder. (Wichin	
943	miun/kraken	2	32	delete		étes		
