page	witness	scene	from	to	printed_gap	counted_gap	error	numeral_reading
911	miun/kraken	1.1	scene start	10	10	10	0	
911	miun/kraken	1.1	10 (p.911)	20	10	10	0	
911	miun/kraken	1.1	20 (p.911)	40	20	20	0	
911	miun/kraken	1.1	40 (p.911)	50	10	10	0	
912	miun/kraken	1.1	50 (p.911)	60	10	10	0	
912	miun/kraken	1.2	scene start	10	10	10	0	
912	miun/kraken	1.2	10 (p.912)	21	11	11	0	
912	miun/kraken	1.2	21 (p.912)	30	9	9	0	
912	miun/kraken	1.2	30 (p.912)	40	10	10	0	
912	miun/kraken	1.2	40 (p.912)	50	10	10	0	
912	miun/kraken	1.2	50 (p.912)	60	10	10	0	
913	miun/kraken	1.2	60 (p.912)	99	39	39	0	
913	miun/kraken	1.2	99 (p.913)	110	11	11	0	
913	miun/kraken	1.2	110 (p.913)	120	10	10	0	
913	miun/kraken	1.2	120 (p.913)	129	9	9	0	
913	miun/kraken	1.2	129 (p.913)	140	11	11	0	
913	miun/kraken	1.2	140 (p.913)	150	10	10	0	
913	miun/kraken	1.2	150 (p.913)	190	40	40	0	
913	miun/kraken	1.2	190 (p.913)	199	9	9	0	
914	miun/kraken	1.3	scene start	10	10	10	0	
914	miun/kraken	1.3	10 (p.914)	20	10	10	0	
914	miun/kraken	1.3	20 (p.914)	30	10	10	0	
914	miun/kraken	1.3	30 (p.914)	40	10	10	0	
914	miun/kraken	1.3	40 (p.914)	50	10	10	0	
914	miun/kraken	1.3	50 (p.914)	60	10	10	0	
914	miun/kraken	1.3	60 (p.914)	70	10	10	0	
914	miun/kraken	1.3	70 (p.914)	80	10	10	0	
914	miun/kraken	1.3	80 (p.914)	90	10	10	0	
915	miun/kraken	1.3	90 (p.914)	100	10	10	0	
915	miun/kraken	1.4	scene start	10	10	10	0	
915	miun/kraken	1.4	10 (p.915)	19	9	9	0	
915	miun/kraken	1.4	19 (p.915)	30	11	11	0	
915	miun/kraken	1.4	30 (p.915)	41	11	11	0	
915	miun/kraken	1.4	41 (p.915)	50	9	9	0	
915	miun/kraken	1.4	50 (p.915)	61	11	11	0	
915	miun/kraken	1.4	61 (p.915)	70	9	9	0	
915	miun/kraken	1.4	70 (p.915)	80	10	10	0	
916	miun/kraken	1.5	scene start	20	20	20	0	
916	miun/kraken	1.5	20 (p.916)	30	10	10	0	
916	miun/kraken	1.5	30 (p.916)	39	9	9	0	
916	miun/kraken	1.5	39 (p.916)	50	11	11	0	
916	miun/kraken	1.5	50 (p.916)	60	10	10	0	
916	miun/kraken	1.5	60 (p.916)	71	11	11	0	
916	miun/kraken	2.1	scene start	11	11	11	0	
916	miun/kraken	2.1	11 (p.916)	21	10	10	0	
917	miun/kraken	2.1	21 (p.916)	30	9	9	0	
917	miun/kraken	2.2	scene start	10	10	10	0	
917	miun/kraken	2.2	10 (p.917)	20	10	10	0	
917	miun/kraken	2.2	20 (p.917)	30	10	10	0	
917	miun/kraken	2.2	30 (p.917)	40	10	10	0	
917	miun/kraken	2.2	40 (p.917)	60	20	20	0	
917	miun/kraken	2.2	60 (p.917)	70	10	10	0	
918	trent/kraken	2.2	70 (p.917)	80	10	10	0	
918	trent/kraken	2.2	80 (p.918)	110	30	30	0	
918	trent/kraken	2.2	110 (p.918)	121	11	11	0	
918	trent/kraken	2.2	121 (p.918)	130	9	9	0	
918	trent/kraken	2.2	130 (p.918)	140	10	10	0	
918	trent/kraken	2.2	140 (p.918)	150	10	10	0	
918	trent/kraken	2.2	150 (p.918)	160	10	10	0	
918	trent/kraken	2.2	160 (p.918)	170	10	10	0	
918	trent/kraken	2.2	170 (p.918)	180	10	10	0	
919	miun/kraken	2.2	180 (p.918)	201	21	21	0	
919	miun/kraken	2.2	201 (p.919)	210	9	9	0	
919	miun/kraken	2.2	210 (p.919)	220	10	10	0	
919	miun/kraken	2.2	220 (p.919)	230	10	10	0	
919	miun/kraken	2.2	230 (p.919)	240	10	10	0	
919	miun/kraken	2.2	240 (p.919)	249	9	9	0	
919	miun/kraken	2.3	scene start	10	10	10	0	
919	miun/kraken	2.3	10 (p.919)	20	10	10	0	
919	miun/kraken	2.3	20 (p.919)	30	10	10	0	
920	miun/kraken	2.3	30 (p.919)	40	10	10	0	
920	miun/kraken	2.4	scene start	10	10	10	0	
920	miun/kraken	2.5	scene start	11	11	11	0	
920	miun/kraken	2.5	11 (p.920)	20	9	9	0	
920	miun/kraken	2.5	20 (p.920)	30	10	10	0	
920	miun/kraken	2.5	30 (p.920)	40	10	10	0	
920	miun/kraken	2.5	40 (p.920)	60	20	20	0	
920	miun/kraken	2.5	60 (p.920)	70	10	10	0	
921	miun/kraken	2.5	70 (p.920)	80	10	10	0	
921	miun/kraken	2.5	80 (p.921)	90	10	10	0	
921	miun/kraken	2.5	90 (p.921)	100	10	10	0	
921	miun/kraken	2.5	100 (p.921)	110	10	10	0	
921	miun/kraken	2.6	scene start	10	10	10	0	
921	miun/kraken	2.6	10 (p.921)	19	9	9	0	
921	miun/kraken	2.6	19 (p.921)	30	11	11	0	
921	miun/kraken	2.6	30 (p.921)	40	10	10	0	
922	miun/kraken	2.6	40 (p.921)	50	10	10	0	
922	miun/kraken	2.6	50 (p.922)	60	10	10	0	
922	miun/kraken	2.6	60 (p.922)	70	10	10	0	
922	miun/kraken	2.6	70 (p.922)	80	10	10	0	
922	miun/kraken	2.6	80 (p.922)	90	10	10	0	
922	miun/kraken	2.6	90 (p.922)	101	11	11	0	
922	miun/kraken	2.6	101 (p.922)	110	9	9	0	
922	miun/kraken	2.6	110 (p.922)	120	10	10	0	
922	miun/kraken	2.6	120 (p.922)	131	11	11	0	
922	miun/kraken	2.6	131 (p.922)	140	9	9	0	
923	trent/kraken	2.7	scene start	20	20	20	0	
923	trent/kraken	2.7	20 (p.923)	31	11	11	0	
923	trent/kraken	2.7	31 (p.923)	41	10	10	0	
923	trent/kraken	2.7	41 (p.923)	51	10	10	0	
923	trent/kraken	2.7	51 (p.923)	61	10	10	0	
923	trent/kraken	2.7	61 (p.923)	69	8	8	0	
923	trent/kraken	2.7	69 (p.923)	80	11	11	0	
923	trent/kraken	2.7	80 (p.923)	90	10	10	0	
923	trent/kraken	2.7	90 (p.923)	100	10	10	0	
924	trent/kraken	2.7	100 (p.923)	111	11	11	0	
924	trent/kraken	2.7	111 (p.924)	120	9	9	0	
924	trent/kraken	2.7	120 (p.924)	131	11	11	0	
924	trent/kraken	2.7	131 (p.924)	141	10	10	0	
924	trent/kraken	3.1	scene start	10	10	10	0	
924	trent/kraken	3.1	10 (p.924)	19	9	9	0	trent/kraken read 10; miun/kraken read 19
924	trent/kraken	3.1	19 (p.924)	30	11	11	0	
924	trent/kraken	3.2	scene start	10	10	10	0	
925	miun/kraken	3.2	10 (p.924)	30	20	20	0	
925	miun/kraken	3.2	30 (p.925)	40	10	10	0	
925	miun/kraken	3.2	40 (p.925)	50	10	10	0	
925	miun/kraken	3.2	50 (p.925)	61	11	11	0	miun/kraken read 60; trent/kraken read 61
925	miun/kraken	3.3	scene start	10	10	10	0	
925	miun/kraken	3.3	10 (p.925)	20	10	10	0	
925	miun/kraken	3.3	20 (p.925)	30	10	10	0	
926	miun/kraken	3.3	30 (p.925)	40	10	10	0	
926	miun/kraken	3.3	40 (p.926)	50	10	10	0	
926	miun/kraken	3.4	scene start	10	10	10	0	
926	miun/kraken	3.4	10 (p.926)	20	10	10	0	
926	miun/kraken	3.4	20 (p.926)	31	11	11	0	
926	miun/kraken	3.5	scene start	20	20	20	0	
926	miun/kraken	3.6	scene start	10	10	10	0	
926	miun/kraken	3.6	10 (p.926)	20	10	10	0	
927	trent/kraken	3.6	20 (p.926)	30	10	10	0	
927	trent/kraken	3.6	30 (p.927)	39	9	9	0	
927	trent/kraken	3.6	39 (p.927)	49	10	10	0	
927	trent/kraken	3.6	49 (p.927)	60	11	11	0	
927	trent/kraken	3.6	60 (p.927)	70	10	10	0	
927	trent/kraken	3.6	70 (p.927)	79	9	9	0	
927	trent/kraken	3.6	79 (p.927)	90	11	11	0	
927	trent/kraken	3.7	scene start	10	10	10	0	
927	trent/kraken	3.7	10 (p.927)	20	10	10	0	
928	miun/kraken	3.7	20 (p.927)	30	10	10	0	
928	miun/kraken	3.7	30 (p.928)	40	10	10	0	
928	miun/kraken	3.7	40 (p.928)	50	10	10	0	
928	miun/kraken	3.7	50 (p.928)	61	11	11	0	
928	miun/kraken	3.7	61 (p.928)	70	9	9	0	
928	miun/kraken	3.7	70 (p.928)	80	10	10	0	
928	miun/kraken	3.10	scene start	10	10	10	0	
929	miun/kraken	3.10	10 (p.928)	21	11	11	0	
929	miun/kraken	3.10	21 (p.929)	30	9	9	0	
929	miun/kraken	3.11	scene start	10	10	10	0	
929	miun/kraken	3.11	10 (p.929)	21	11	11	0	
929	miun/kraken	3.11	21 (p.929)	30	9	9	0	
929	miun/kraken	3.11	30 (p.929)	41	11	11	0	
929	miun/kraken	3.11	41 (p.929)	50	9	9	0	
929	miun/kraken	3.11	50 (p.929)	60	10	10	0	
929	miun/kraken	3.11	60 (p.929)	70	10	10	0	
930	miun/kraken	3.12	scene start	10	10	10	0	
930	miun/kraken	3.12	10 (p.930)	20	10	10	0	
930	miun/kraken	3.13	scene start	19	19	19	0	miun/kraken read 10; trent/kraken read 19
930	miun/kraken	3.13	19 (p.930)	29	10	10	0	
930	miun/kraken	3.13	29 (p.930)	40	11	11	0	
931	miun/kraken	3.13	40 (p.930)	60	20	20	0	
931	miun/kraken	3.13	60 (p.931)	70	10	10	0	
931	miun/kraken	3.13	70 (p.931)	80	10	10	0	
931	miun/kraken	3.13	80 (p.931)	90	10	10	0	
931	miun/kraken	3.13	90 (p.931)	100	10	10	0	
931	miun/kraken	3.13	100 (p.931)	110	10	10	0	
931	miun/kraken	3.13	110 (p.931)	120	10	10	0	
931	miun/kraken	3.13	120 (p.931)	131	11	11	0	
931	miun/kraken	3.13	131 (p.931)	140	9	9	0	
931	miun/kraken	3.13	140 (p.931)	151	11	11	0	
932	miun/kraken	3.13	151 (p.931)	161	10	10	0	
932	miun/kraken	3.13	161 (p.932)	170	9	9	0	
932	miun/kraken	3.13	170 (p.932)	180	10	10	0	
932	miun/kraken	3.13	180 (p.932)	190	10	10	0	
932	miun/kraken	3.13	190 (p.932)	200	10	10	0	
932	miun/kraken	4.2	scene start	10	10	10	0	
932	miun/kraken	4.2	10 (p.932)	20	10	10	0	
932	miun/kraken	4.2	20 (p.932)	30	10	10	0	
933	miun/kraken	4.2	30 (p.932)	40	10	10	0	
933	miun/kraken	4.3	scene start	20	20	20	0	
933	miun/kraken	4.4	scene start	10	10	10	0	
933	miun/kraken	4.4	10 (p.933)	20	10	10	0	
933	miun/kraken	4.4	20 (p.933)	31	11	11	0	
934	miun/kraken	4.5	scene start	10	10	10	0	
934	miun/kraken	4.6	scene start	10	10	10	0	
934	miun/kraken	4.6	10 (p.934)	20	10	10	0	
934	miun/kraken	4.6	20 (p.934)	30	10	10	0	
934	miun/kraken	4.7	scene start	10	10	10	0	
934	miun/kraken	4.8	scene start	10	10	10	0	
935	miun/kraken	4.8	10 (p.934)	20	10	10	0	
935	miun/kraken	4.8	20 (p.935)	30	10	10	0	
935	miun/kraken	4.8	30 (p.935)	39	9	9	0	
935	miun/kraken	4.9	scene start	10	10	10	0	
935	miun/kraken	4.9	10 (p.935)	20	10	10	0	
935	miun/kraken	4.9	20 (p.935)	31	11	11	0	
935	miun/kraken	4.10	scene start	9	9	9	0	
935	miun/kraken	4.12	scene start	10	10	10	0	
936	miun/kraken	4.12	10 (p.935)	21	11	11	0	
936	miun/kraken	4.12	21 (p.936)	30	9	9	0	
936	miun/kraken	4.12	30 (p.936)	40	10	10	0	
936	miun/kraken	4.13	scene start	10	10	10	0	
936	miun/kraken	4.14	scene start	10	10	10	0	
936	miun/kraken	4.14	10 (p.936)	20	10	10	0	
936	miun/kraken	4.14	20 (p.936)	30	10	10	0	
936	miun/kraken	4.14	30 (p.936)	40	10	10	0	
937	trent/kraken	4.14	40 (p.936)	60	20	20	0	
937	trent/kraken	4.14	60 (p.937)	70	10	10	0	
937	trent/kraken	4.14	70 (p.937)	80	10	10	0	
937	trent/kraken	4.14	80 (p.937)	90	10	10	0	
937	trent/kraken	4.14	90 (p.937)	100	10	10	0	
937	trent/kraken	4.14	100 (p.937)	109	9	9	0	
937	trent/kraken	4.14	109 (p.937)	120	11	11	0	
937	trent/kraken	4.14	120 (p.937)	130	10	10	0	
937	trent/kraken	4.14	130 (p.937)	140	10	10	0	
938	miun/kraken	4.15	scene start	10	10	10	0	
938	miun/kraken	4.15	10 (p.938)	20	10	10	0	
938	miun/kraken	4.15	20 (p.938)	31	11	11	0	
938	miun/kraken	4.15	31 (p.938)	40	9	9	0	
938	miun/kraken	4.15	40 (p.938)	50	10	10	0	
938	miun/kraken	4.15	50 (p.938)	60	10	10	0	
938	miun/kraken	4.15	60 (p.938)	70	10	10	0	
938	miun/kraken	4.15	70 (p.938)	80	10	10	0	
939	trent/kraken	5.1	scene start	10	10	10	0	
939	trent/kraken	5.1	10 (p.939)	20	10	10	0	
939	trent/kraken	5.1	20 (p.939)	30	10	10	0	
939	trent/kraken	5.1	30 (p.939)	40	10	10	0	
939	trent/kraken	5.1	40 (p.939)	50	10	10	0	
939	trent/kraken	5.1	50 (p.939)	60	10	10	0	
939	trent/kraken	5.1	60 (p.939)	70	10	10	0	
939	trent/kraken	5.2	scene start	10	10	10	0	
939	trent/kraken	5.2	10 (p.939)	20	10	10	0	
940	trent/kraken	5.2	20 (p.939)	30	10	10	0	
940	trent/kraken	5.2	30 (p.940)	40	10	10	0	
940	trent/kraken	5.2	40 (p.940)	50	10	10	0	
940	trent/kraken	5.2	50 (p.940)	60	10	10	0	
940	trent/kraken	5.2	60 (p.940)	70	10	10	0	
940	trent/kraken	5.2	70 (p.940)	80	10	10	0	
940	trent/kraken	5.2	80 (p.940)	90	10	10	0	
940	trent/kraken	5.2	90 (p.940)	100	10	10	0	
940	trent/kraken	5.2	100 (p.940)	110	10	10	0	
941	trent/kraken	5.2	110 (p.940)	120	10	10	0	
941	trent/kraken	5.2	120 (p.941)	130	10	10	0	
941	trent/kraken	5.2	130 (p.941)	141	11	11	0	
941	trent/kraken	5.2	141 (p.941)	160	19	19	0	
941	trent/kraken	5.2	160 (p.941)	170	10	10	0	
941	trent/kraken	5.2	170 (p.941)	180	10	10	0	
941	trent/kraken	5.2	180 (p.941)	190	10	10	0	
941	trent/kraken	5.2	190 (p.941)	200	10	10	0	
942	trent/kraken	5.2	200 (p.941)	220	20	20	0	
942	trent/kraken	5.2	220 (p.942)	230	10	10	0	
942	trent/kraken	5.2	230 (p.942)	240	10	10	0	
942	trent/kraken	5.2	240 (p.942)	249	9	9	0	
942	trent/kraken	5.2	249 (p.942)	260	11	11	0	
942	trent/kraken	5.2	260 (p.942)	271	11	11	0	
942	trent/kraken	5.2	271 (p.942)	280	9	9	0	
942	trent/kraken	5.2	280 (p.942)	289	9	9	0	
942	trent/kraken	5.2	289 (p.942)	300	11	11	0	
942	trent/kraken	5.2	300 (p.942)	310	10	10	0	
942	trent/kraken	5.2	310 (p.942)	320	10	10	0	
943	miun/kraken	5.2	320 (p.942)	330	10	10	0	
943	miun/kraken	5.2	330 (p.943)	339	9	9	0	
943	miun/kraken	5.2	339 (p.943)	350	11	11	0	
943	miun/kraken	5.2	350 (p.943)	360	10	10	0	
