scene	line	page	finding	folger	folger_ids	rows
1.1	18	911	our shared line	short	ftln-0020 ftln-0021	Att. News, my good lord, from Rome. / Ant Grates me : the sum.
1.1	24	911	our shared line	part	ftln-0028	"Perform’t, or else we damn thee."" / Ant. How, my love!"
1.1	40	911	our shared line	part	ftln-0045 ftln-0046	We stand up peerless. / Cleo. Excellent falsehood!
1.1	43	911	our shared line	part	ftln-0049 ftln-0050	Will be himself. / Ant. But stirr’d by Cleopatra.
1.1	48	911	our shared line	part	ftln-0055 ftln-0056	Cleo. Hear the ambassadors. / Ant. Fie, wrangling queen!
1.1	59	912	our shared line	part	ftln-0068 ftln-0069	Which still should go with Antony. / Dem. I am full sorry
1.2	10	912	our shared line	part	ftln-0082 ftln-0083	A little I can read. / Alex. Show him your hand.
1.2	83	912	our shared line	silent	p-0153 p-0154	Eno. Hush! here comes Antony. / Char. Not he; the queen.
1.2	84	912	our shared line	short	ftln-0155 ftln-0156 ftln-0157	Cleo. Saw you my lord? / Eno. No, lady. / Cleo. Was he not here?
1.2	98	913	our shared line	short	ftln-0172 ftln-0173	Upon the first encounter, drave them. / Ant. Well, what worst?
1.2	103	913	our shared line	part	ftln-0178 ftln-0179	I hear him as he flatter’d. / Mess. Labienus—
1.2	108	913	our shared line	part	ftln-0184 ftln-0185 ftln-0186	Whilst— / Ant. Antony, thou wouldst say,— / Mess. O, my lord!
1.2	119	913	our shared line	part	ftln-0198 ftln-0199	Sec. Att. He stays upon your will. / Ant. Let him appear.
1.2	122	913	our shared line	part	ftln-0203 ftln-0204	Sec. Mess. Fulvia thy wife is dead. / Ant. Where died she ?
1.2	125	913	our shared line	part	ftln-0207 ftln-0208	Importeth thee to know, this bears. / Ant. Forbear me!
1.3	1	913	our shared line	part	ftln-0287 ftln-0288	Cleo. Where is he? / Char. I did not see him since.
1.3	8	914	our shared line	part	ftln-0295 ftln-0296	The like from him. / Cleo. What should I do, I do not?
1.3	13	914	our shared line	part	ftln-0301 ftln-0302	But here comes Antony. / Cleo. I am sick and sullen.
1.3	17	914	our shared line	part	ftln-0306 ftln-0307	Will not sustain it. / Ant. Now, my dearest queen.—
1.3	18	914	our shared line	part	ftln-0308 ftln-0309	Cleo. Pray you, stand farther from me. / Ant. What’s the matter?
1.3	24	914	our shared line	part	ftln-0315 ftln-0316	Ant. The gods best know.— / Cleo. O, never was there queen
1.3	26	914	our shared line	part	ftln-0318 ftln-0319	I saw, the treasons planted. / Ant. Cleopatra, —
1.3	31	914	our shared line	part	ftln-0324 ftln-0325	Which break themselves in swearing! / Ant. Most sweet queen.—
1.3	39	914	our shared line	part	ftln-0334 ftln-0335	Art turn’d the greatest liar. / Ant. How now, lady!
1.3	41	914	our shared line	part	ftln-0337 ftln-0338	There were a heart in Egypt. / Ant. Hear me, queen:
1.3	62	914	our shared line	part	ftln-0360 ftln-0361	See when and where she died. / Cleo. O most false love!
1.3	71	914	our shared line	part	ftln-0370 ftln-0371	As thou affect’st. / Cleo. Cut my lace, Charmian, come;
1.3	73	914	our shared line	part	ftln-0373 ftln-0374	So Antony loves. / Ant. My precious queen, forbear;
1.3	75	914	our shared line	part	ftln-0376 ftln-0377	An honourable trial. / Cleo. So Fulvia told me.
1.3	80	914	our shared line	part	ftln-0383	Like perfect honour. / Ant. You ’Il beat my blood: no more.
1.3	82	914	our shared line	part	ftln-0385 ftln-0386	Ant. Now, by my sword.— / Cleo. And target. Still he mends;
1.3	86	914	our shared line	short	ftln-0390 ftln-0391	Ant. I’ll leave you, lady. / Cleo. Courteous lord, one word.
1.3	91	914	our shared line	part	ftln-0396 ftln-0397	And I am all forgotten. / Ant. But that vour royalty
1.3	93	914	our shared line	part	ftln-0399 ftln-0400	For idleness itself. / Cleo. Tis sweating labour
1.3	101	915	our shared line	part	ftln-0408 ftln-0409	Be strew’d before your feet! / Ant. Let us go. Come;
1.4	10	915	our shared line	part	ftln-0424 ftln-0425	That all men follow. / Lep. I must not think there are
1.4	33	915	our shared line	part	ftln-0450 ftln-0451	And so rebel to judgement. / Lep. Here ’s more news.
1.4	40	915	our shared line	part	ftln-0458 ftln-0459	Give him much wrong’d. / Cæs. I should have known no less.
1.4	47	915	our shared line	short	ftln-0466	To rot itself with motion. / Mess. Cæsar, I bring thee word,
1.4	55	915	our shared line	part	ftln-0476 ftln-0477	Than could his war resisted. / Cæs. Antony,
1.4	71	915	our shared line	short	ftln-0494 ftln-0495	"So much as lank’d not. — / Lep. ""Tis pity of him."
1.4	76	915	our shared line	part	ftln-0500 ftln-0501	Thrives in our idleness. / Lep. To-morrow, Cæsar,
1.4	79	915	our shared line	part	ftln-0504 ftln-0505	To front this present time. / Cæs. Till which encounter,
1.4	83	915	our shared line	short	ftln-0509 ftln-0510	To let me be partaker. / Cœs. Doubt not, sir;
1.5	4	915	our shared line	silent	p-0514	Give me to drink mandragora. / Char. Why, madam?
1.5	6	915	our shared line	short	ftln-0516 ftln-0517	My Antony is away. / Char. You think of him too much.
1.5	7	915	our shared line	part	ftln-0518 ftln-0519	Cleo. O, 'tis treason! / Char. Madam, I trust, not so.
1.5	8	916	our shared line	part	ftln-0520 ftln-0521	Cleo. Thou, eunuch Mardian! / Mar. What’s your highness' pleasure?
1.5	18	916	our shared line	part	ftln-0531 ftln-0532	What Venus did with Mars. / Cleo. O Charmian,
1.5	34	916	our shared line	short	ftln-0549 ftln-0550	With looking on his life. / Alex. Sovereign of Egypt, hail!
1.5	42	916	our shared line	part	ftln-0558 ftln-0559	"Cleo. Mine ear must pluck it thence. / A lex. ""Good friend, quoth he,"
1.5	50	916	our shared line	short	ftln-0568 ftln-0569	Was beastly dumb'd by him. / Cleo. What, was he sad or merry?
1.5	63	916	our shared line	part	ftln-0583 ftln-0584	Why do you send so thick? / Cleo. Who’s born that day
1.5	67	916	our shared line	part	ftln-0588 ftln-0589	Ever love Cæsar so? / Char. O that brave Cæsar!
1.5	69	916	our shared line	part	ftln-0591 ftln-0592	Say, the brave Antony. / Char. The valiant Cæsar!
1.5	72	916	our shared line	part	ftln-0595 ftln-0596	My man of men. / Char. By your most gracious pardon,
1.5	73	916	our shared line	part	ftln-0597 ftln-0598	I sing but after you. / Cleo. My salad days,
2.1	2	916	our shared line	part	ftln-0605 ftln-0606	The deeds of justest men. / Mene. Know, worthy Pompey,
2.1	5	916	our shared line	part	ftln-0609 ftln-0610	The thing we sue for. / Mene. We, ignorant of ourselves,
2.1	8	916	our shared line	part	ftln-0613 ftln-0614	By losing of our prayers. / Pom. I shall do well:
2.1	16	916	our shared line	part	ftln-0622	Nor either cares for him. / Men. Cæsar and Lepidus
2.1	18	916	our shared line	part	ftln-0625 ftln-0626	Pom. Where have you this? 'tis false. / Men. From Silvius, sir.
2.1	31	917	our shared line	short	ftln-0640 ftln-0641	A space for further travel. / Pom. I could have given less matter
2.1	38	917	our shared line	part	ftln-0648 ftln-0649	The ne’er-lust-wearied Antony. / Men. I cannot hope
2.1	42	917	our shared line	part	ftln-0653 ftln-0654	Not moved by Antony. / Pom. I know not, Menas,
2.2	3	917	our shared line	part	ftln-0668 ftln-0669	To soft and gentle speech. / Eno. I shall entreat him
2.2	8	917	our shared line	short	ftln-0674 ftln-0675	"I would not shave ’t to-day. / Lep. ""Tis not a time"
2.2	9	917	our shared line	silent	p-0676	For private stomaching. / Eno. Every time
2.2	12	917	our shared line	short	ftln-0679 ftln-0680	Eno. Not if the small come first. / Lep. Your speech is passion
2.2	14	917	our shared line	short	ftln-0682	The noble Antony. / Eno. And yonder, Cæsar.
2.2	16	917	our shared line	short	ftln-0684 ftln-0685	Hark, Ventidius. / Cæs. I do not know,
2.2	17	917	our shared line	short	ftln-0686	Mecænas; ask Agrippa. / Lep. Noble friends,
2.2	25	917	our shared line	part	ftln-0694 ftln-0695	"Nor curstness grow to the matter. / Ant. ""Tis spoken well."
2.2	28	917	our shared line	short	ftln-0698 ftln-0699 ftln-0700 ftln-0701 ftln-0702	Cæs. Welcome to Rome. / Ant. Thank you. / Cœs. Sit. / Ant. Sit, sir. / Cœs. Nay, then.
2.2	30	917	our shared line	part	ftln-0704 ftln-0705	Or being, concern you not. / Cæs. I must be laugh’d at,
2.2	35	917	our shared line	short	ftln-0711 ftln-0712	It not concern’d me. / Ant. My being in Egypt, Cæsar,
2.2	40	917	our shared line	part	ftln-0716 ftln-0717	Might be my question. / Ant. How intend you, practised?
2.2	54	917	our shared line	part	ftln-0731 ftln-0732	It must not be with this. / Cæs. You praise vourself
2.2	56	917	our shared line	part	ftln-0734 ftln-0735	You patch’d up your excuses. / Ant. Not so, not so;
2.2	71	917	our shared line	part	ftln-0750 ftln-0751	But say, I could not help it. / Cœs. I wrote to you
2.2	74	918	our shared line	part	ftln-0754 ftln-0755	Did gibe my missive out of audience. / Ant. Sir,
2.2	81	918	our shared line	part	ftln-0762 ftln-0763	Out of our question wipe him. / Cœs. You have broken
2.2	83	918	our shared line	short	ftln-0765 ftln-0766 ftln-0767	Have tongue to charge me with. / Lep. Soft, Cæsar! / Ant. No,
2.2	89	918	our shared line	part	ftln-0772 ftln-0773	The which you both denied. / Ant. Neglected, rather;
2.2	98	918	our shared line	part	ftln-0782 ftln-0783	"To stoop in such a case. / Lep. ""Tis noble spoken."
2.2	102	918	our shared line	part	ftln-0787 ftln-0788	Speaks to atone you. / Lep. Worthily spoken, Mecænas.
2.2	118	918	our shared line	short	ftln-0804 ftln-0805	O' the world I would pursue it. / Agr. Give me leave, Cæsar, —
2.2	122	918	our shared line	part	ftln-0809 ftln-0810	Is now a widower. / Cœs. Say not so, Agrippa:
2.2	141	918	our shared line	part	ftln-0829 ftln-0830	By duty ruminated. / Ant. Will Cæsar speak?
2.2	143	918	our shared line	short	ftln-0832 ftln-0833	With what is spoke already. / Ant. What power is in Agrippa,
2.2	145	918	our shared line	part	ftln-0835 ftln-0836	To make this good? / Cæs. The power of Cæsar, and
2.2	146	918	our shared line	part	ftln-0837 ftln-0838	His power unto Octavia. / Ant. May I never
2.2	151	918	our shared line	part	ftln-0843	And sway our great designs ! / Cœs. There is my hand.
2.2	155	918	our shared line	part	ftln-0848 ftln-0849	Fly off our loves again ! / Lep. Happily, amen!
2.2	160	918	our shared line	part	ftln-0854 ftln-0855	At heel of that, defy him. / Lep. Time calls upon's:
2.2	162	918	our shared line	short	ftln-0857 ftln-0858	Or else he seeks out us. / Ant. Where lies he?
2.2	166	918	our shared line	short	ftln-0863	He is an absolute master. / Ant. So is the fame.
2.2	169	918	our shared line	part	ftln-0866 ftln-0867	The business we have talk’d of. / Cœs. With most gladness :
2.2	171	918	our shared line	short	ftln-0869 ftln-0870	Whither straight I’Il lead you. / Ant. Let us, Lepidus,
2.2	172	918	our shared line	silent	ftln-0871	Not lack your company. / Lep. Noble Antony,
2.2	210	919	our shared line	part	ftln-0907 ftln-0908	And what they undid did. / Agr. O, rare for Antony!
2.2	223	919	our shared line	part	ftln-0921 ftln-0922	And made a gap in nature. / Agr. Rare Egyptian!
2.2	231	919	our shared line	part	ftln-0930 ftln-0931	For what his eyes eat only. / Agr. .Royal wench!
2.2	233	919	our shared line	part	ftln-0933 ftln-0934	He plough’d her, and she cropp’d. / Eno. I saw her once
2.2	248	919	our shared line	part	ftln-0949 ftln-0950	A blessed lottery to him. / Agr. Let us go.
2.2	250	919	our shared line	part	ftln-0952 ftln-0953	Whilst you abide here. / Eno. Humbly, sir, I thank you. IExeunt.
2.3	2	919	our shared line	part	ftln-0955 ftln-0956	Divide me from your bosom. / Octa. All which time
2.3	4	919	our shared line	part	ftln-0958	To them for you. / Ant. Good night, sir. My Octavia,
2.3	13	919	our shared line	short	ftln-0969 p-0970	Ant. If you can, your reason? / Sooth. I see it in
2.3	15	919	our shared line	silent	ftln-0972	Hie you to Egypt again. / Ant. Say to me,
2.3	23	919	our shared line	part	ftln-0980 ftln-0981	Make space enough between vou. / Ant. Speak this no more.
2.3	30	919	our shared line	part	ftln-0988 ftln-0989	But, he away, ’tis noble. / Ant. Get thee gone:
2.4	2	920	our shared line	part	ftln-1004 ftln-1005	Your generals after. / Sir, Mark Antony
2.4	5	920	our shared line	part	ftln-1008 ftln-1009	Which will become you both, farewell. / Mec. We shall,
2.4	7	920	our shared line	part	ftln-1011 ftln-1012	Before you, Lepidus. / Lep. Your way is shorter;
2.4	9	920	our shared line	part	ftln-1014 ftln-1015	You ’ll win two days upon me. / Agr. J Sir, good success !
2.5	2	920	our shared line	part	ftln-1018 ftln-1019	Of us that trade in love. / Attend. The music, ho!
2.5	15	920	our shared line	part	ftln-1033 ftln-1034	"And say “Ah, ha! you’re caugnt."" / Char. Twas merry when"
2.5	18	920	our shared line	part	ftln-1037 ftln-1038	With fervency drew up. / Cleo. That time,—O times !—
2.5	25	920	our shared line	part	ftln-1046 ftln-1047	That long time have been barren. / Mess. Madam, madam.—
2.5	31	920	our shared line	short	ftln-1053 ftln-1054	Mess. First, madam, he is well. / Cleo. Why, there ’s more gold.
2.5	36	920	our shared line	short	ftln-1058 ftln-1059	Mess. Good madam, hear me. / Cleo. Well, go to, I will;
2.5	41	920	our shared line	part	ftln-1064	Not like a formal man. / Mess. Will't please you hear me?
2.5	46	920	our shared line	part	ftln-1070 ftln-1071 ftln-1072	Rich pearls upon thee. / Mess. Madam, he ’s well. / Cleo. Well said.
2.5	47	920	our shared line	part	ftln-1073	Mess. And friends with Cæsar. / Cleo. Thou’rt an honest man.
2.5	49	920	our shared line	part	ftln-1076 ftln-1077	Cleo. Make thee a fortune from me. / Mess. But yet, madam, —
2.5	58	920	our shared line	part	ftln-1086 ftln-1087	He ’s bound unto Octavia. / Cleo. For what good turn?
2.5	59	920	our shared line	part	ftln-1088 ftln-1089	Mess. For the best turn i' the bed. / Cleo. I am pale, Charmian.
2.5	62	920	our shared line	short	ftln-1092 ftln-1093 ftln-1094	Mess. Good madam, patience. / Cleo. What say you? Hence,
2.5	66	920	our shared line	part	ftln-1098 ftln-1099	Smarting in lingering pickle. / Mess. Gracious madam,
2.5	72	921	our shared line	part	ftln-1105 ftln-1106	Thy modesty can beg. / Mess. He’s married, madam.
2.5	73	921	our shared line	part	ftln-1107 ftln-1108	Cleo. Rogue, thou hast lived too long. / Mess. Nay, then I’Il run.
2.5	81	921	our shared line	part	ftln-1116 ftln-1117	Char. He is afeard to come. / Cleo. I will not hurt him.
2.5	88	921	our shared line	short	ftln-1125 ftln-1126	Themselves when they be felt. / Mess. I have done my duty.
2.5	91	921	our shared line	part	ftln-1129 ftln-1130	If thou again say “Yes. / Mess. He’s married, madam.
2.5	93	921	our shared line	part	ftln-1132 ftln-1133	Mess. Should I lie, madam? / Cleo. O, I would thou didst,
2.5	98	921	our shared line	part	ftln-1138 ftln-1139	Mess. I crave your highness' pardòn. / Cleo. He is married?
2.5	106	921	our shared line	part	ftln-1148 ftln-1149	And be undone by ’em! [Exit Messenger / Char. Good your highness, patience.
2.5	108	921	our shared line	short	ftln-1152 ftln-1153	Char. Many times, madam. / Cleo. I am paid for't now.
2.6	2	921	our shared line	part	ftln-1167 ftln-1168	And we shall talk before we fight. / Cœs. Most meet
2.6	8	921	our shared line	part	ftln-1174 ftln-1175	That else must perish here. / Pom. To you all three,
2.6	23	921	our shared line	part	ftln-1191 ftln-1192	"""Cast on my noble father. / Cæs. Take your time."
2.6	26	921	our shared line	part	ftln-1195 ftln-1196	How much we do o’er-count thee. / Pom. At land, indeed,
2.6	29	921	our shared line	part	ftln-1199 ftln-1200	Remain in’t as thou mayst. / Lep. Be pleased to tell us–
2.6	31	921	our shared line	part	ftln-1202 ftln-1203	The offers we have sent you. / Cæs. There’s the point.
2.6	33	921	our shared line	part	ftln-1205 ftln-1206	What it is worth embraced. / Cæs. And what may follow,
2.6	34	921	our shared line	part	ftln-1207 ftln-1208	To try a larger fortune. / Pom. You have made, me offer
2.6	40	921	our shared line	part	ftln-1214 ftln-1215	Cœs. Ant. Lez. That’s our offer. / Pom. Know, then,
2.6	47	922	our shared line	part	ftln-1222 ftln-1223	Her welcome friendly. / Ant. I have heard it, Pompey;
2.6	49	922	our shared line	part	ftln-1225 ftln-1226	Which I do owe you. / Pom. Let me have your hand :
2.6	53	922	our shared line	part	ftln-1230 ftln-1231	For I have gain’d by’t. / Cæs. Since I saw you last,
2.6	54	922	our shared line	part	ftln-1233	There is a change upon you. / Pom. Well, I know not
2.6	57	922	our shared line	part	ftln-1236 ftln-1237	To make my heart her vassal. / Lep. Well met here.
2.6	60	922	our shared line	part	ftln-1240 ftln-1241	And seal’d between us. / Cæs. That’s the next to do.
2.6	62	922	our shared line	part	ftln-1243 ftln-1244	Draw lots who shall begin. / Ant That will I, Pompey.
2.6	66	922	our shared line	short	ftln-1248 ftln-1249	Grew fat with feasting there. / Ant. You have heard much.
2.6	67	922	our shared line	short	ftln-1250 ftln-1251	Pom. I have fair meanings, sir. / Ant. And fair words to them.
2.6	70	922	our shared line	part	ftln-1254 ftln-1255	Eno. No more of that: he did so. / Pom. What, I pray you?
2.6	75	922	our shared line	part	ftln-1260 ftln-1261	Four feasts are toward. / Pom. Let me shake thy hand;
2.6	77	922	our shared line	part	ftln-1263 ftln-1264	When I have envied thy behaviour. / Eno. Sir,
2.6	80	922	our shared line	part	ftln-1267 ftln-1268	As I have said you did. / Pom. Enjoy thy plainness,
2.6	83	922	our shared line	part	ftln-1271 ftln-1272 ftln-1273	Will you lead, lords? / Cæs. Ant. Lep. Show us the way, sir. / Pom. Come.
2.7	20	923	our shared line	silent	ftln-1348	Ant. 17° Cœsarl Thus do they, sir: they  / the flow o' the Nile
2.7	42	923	our shared line	part	ftln-1369 ftln-1370	Men. LAside to Pom.] Pompey, a word. / Pom. (Aside t° Men.] Say in / mine ear: what is't?
2.7	43	923	our shared line	silent	ftln-1371	Men. (Aside to Pom. ] Forsake thy seat,  / beseech thee, captain,
2.7	45	923	our shared line	silent	ftln-1373	Pom. [Aside to Men.] Forbear me till ano / This wine for Lepidus !
2.7	59	923	our shared line	silent	ftln-1388	Pom. (Aside to Men.] Go hang, sir, hang! / Tell me of that? away!
2.7	61	923	our shared line	silent	ftln-1390	Men. [Aside to Pom. I If for the sake of / thou wilt hear me,
2.7	62	923	our shared line	part	ftln-1391 ftln-1392 ftln-1393	Rise from thy stool. / Pom. (Aside to Men.] I think thou'rt mad / The matter? (Rises, and walks aside.
2.7	65	923	our shared line	part	ftln-1397 ftln-1398	Be jolly, lords. / Ant. These quick-sands, Lepidus,
2.7	67	923	our shared line	part	ftln-1400 ftln-1401	Men. Wilt thou be lord of all the world? / Pom. What say’st thou?
2.7	69	923	our shared line	short	ftln-1403 ftln-1404	Pom. How should that be ? / Men. But entertain it,
2.7	71	923	our shared line	part	ftln-1406 ftln-1407	Will give thee all the world. / Pom. Hast thou drunk well ?
2.7	75	923	our shared line	part	ftln-1411 ftln-1412	Is thine, if thou wilt ha ’t. / Pom. Show me which way.
2.7	79	923	our shared line	part	ftln-1416 ftln-1417	All there is thine. / Pom. Ah, this thou shouldst have done,
2.7	90	923	our shared line	part	ftln-1428 ftln-1429	Shall never find it more. / Pom. This health to Lepidus!
2.7	92	923	our shared line	part	ftln-1431 ftln-1432	Eno. Here’s to thee, Menas! / Men. Enobarbus, welcome!
2.7	104	923	our shared line	part	ftln-1445	Here is to Cæsar! / Cœs. I could well forbear 't.
2.7	106	923	our shared line	part	ftln-1447 ftln-1448	And it grows fouler. / Ant. Be a child o' the time.
2.7	109	923	our shared line	part	ftln-1451 ftln-1452	Than drink so much in one. / Eno. Ha, my brave emperor! [To Antony.
2.7	111	924	our shared line	short	ftln-1454 ftln-1455	And celebrate our drink? / Pom. Let’s ha’t, good soldier.
2.7	114	924	our shared line	part	ftln-1459 ftln-1460	In soft and delicate Lethe. / Eno. All take hands.
2.7	133	924	our shared line	short	ftln-1480 ftln-1481	Good Antony, your hand. / Pom. I’Il try you on the shore.
2.7	134	924	our shared line	short	ftln-1482 ftln-1483	Ant. And shall, sir : give’s your hand. / Pom. O Antony,
2.7	136	924	our shared line	part	ftln-1485	Come, down into the boat. / Eno. Take heed you fall not.
2.7	137	924	our shared line	part	ftln-1486 ftln-1487	Menas, I’Il not on shore. / Men. No, to my cabin.
3.1	5	924	our shared line	part	ftln-1498 ftln-1499	Pays this for Marcus Crassus. / Sil. Noble Ventidius,
3.1	11	924	our shared line	part	ftln-1505 ftln-1506	Put garlands on thy head. / Ven. O Silius, Silius,
3.1	27	924	our shared line	short	ftln-1522 ftln-1523	Should my performance perish. / Sil. Thou hast, Ventidius, that
3.1	34	924	our shared line	part	ftln-1531 ftln-1532	We have jaded out o' the field. / Sil. Where is he now?
3.2	6	924	our shared line	part	ftln-1541 ftln-1542	With the green sickness. / Agr. Tis a noble Lepidus.
3.2	19	925	our shared line	part	ftln-1557 ftln-1558	Kneel down, kneel down, and wonder. / Agr. Both he loves.
3.2	33	925	our shared line	part	ftln-1573 ftln-1574	This be not cherish'd. / Ant. Make me not offended
3.2	34	925	our shared line	part	ftln-1575 ftln-1576 ftln-1577	In your distrust. / Cœs. I have said. / Ant. You shall not find,
3.2	45	925	our shared line	part	ftln-1588 ftln-1589	Oct. Sir, look well to my husband’s hous / and— / Cæs. What, / Octavia?
3.2	52	925	our shared line	silent	ftln-1598	Eno. [Aside to Agr.] He were the worse f / that, were he a horse;
3.2	53	925	our shared line	part	ftln-1599 ftln-1600	So is he, being a man. / Agr. [Aside to Eno.] Why, Enobarbus,
3.2	57	925	our shared line	silent	ftln-1604	Eno. [Aside to Agr.] That year, indeed,  / was troubled with a rheum;
3.2	59	925	our shared line	part	ftln-1606 ftln-1607	"Believe ""t, till I wept too. / Cæs. No, sweet Octavia,"
3.2	61	925	our shared line	part	ftln-1609 ftln-1610	Out-go my thinking on you. / Ant. Come, sir, come;
3.2	64	925	our shared line	part	ftln-1613 ftln-1614	And give you to the gods. / Cæs. Adieu; be happy!
3.2	66	925	our shared line	part	ftln-1616 ftln-1617 ftln-1618	To thy fair way! / Cas. Farewell, farewell! [Kisses Octavia / Ant. Farewell!
3.3	1	925	our shared line	part	ftln-1619 ftln-1620	Cleo. Where is the fellow? / Alex. Half afeard to come.
3.3	2	925	our shared line	part	ftln-1621 ftln-1622	Cleo. Go to, go to. / Come hither, sir. / Alex. Good majesty,
3.3	4	925	our shared line	part	ftln-1624 ftln-1625	But when you are well pleased. / Cleo. That Herod’s head
3.3	14	925	our shared line	part	ftln-1636 ftln-1637	Cleo. Is she as tall as me? / Mess. She is not, madam.
3.3	21	925	our shared line	part	ftln-1645 ftln-1646	If e'er thou look’dst on majesty. / Mess. She creeps:
3.3	24	925	our shared line	part	ftln-1649 ftln-1650	A statue than a breather. / Cleo. Is this certain?
3.3	25	925	our shared line	part	ftln-1651 ftln-1652	Mess. Or I have no observance. / Char. Three in Egypt
3.3	26	925	our shared line	part	ftln-1653 ftln-1654	Cannot make better note. / Cleo. He’s very knowing;
3.3	28	925	our shared line	part	ftln-1656 ftln-1657	The fellow has good judgement. / Char. Excellent.
3.3	29	925	our shared line	short	ftln-1658 ftln-1660	Cleo. Guess at her years, I prithee. / Mess. Madam,
3.3	30	925	our shared line	short	ftln-1661	She was a widow,— / Cleo. Widow! Charmian, hark.
3.3	37	925	our shared line	part	ftln-1668 ftln-1669	As low as she would wish it. / Cleo. There ’s gold for thee.
3.3	41	926	our shared line	part	ftln-1673 ftln-1674	Our letters are prepared. (Exit Messenge / Char. A proper man.
3.3	44	926	our shared line	part	ftln-1677 ftln-1678	This creature’s no such thing. / Char. Nothing, madam.
3.4	10	926	our shared line	part	ftln-1696 ftln-1697	Or did it from his teeth. / Oct. O my good lord,
3.4	20	926	our shared line	part	ftln-1707 ftln-1708	"""Twixt these extremes at all. / Ant. Gentle Octavia,"
3.4	28	926	our shared line	part	ftln-1716 ftln-1717	So your desires are yours. / Oct. Thanks to my lord.
3.5	20	926	our shared line	part	ftln-1747 ftln-1748	That murder'd Pompey. / Eno. Our great navy’s rigg’d.
3.5	23	926	our shared line	part	ftln-1751 ftln-1752	"I might have told hereafter. / Eno. ""Twill be naught:"
3.6	11	926	our shared line	part	ftln-1765 ftln-1766	Absolute queen. / Mec. This in the public eye?
3.6	19	926	our shared line	short	ftln-1774 ftln-1775	As ’tis reported, so. / Mec. Let Rome be thus / Inform’d.
3.6	23	927	our shared line	part	ftln-1779 ftln-1780	His accusations. / Agr. Who does he accuse?
3.6	30	927	our shared line	part	ftln-1787 ftln-1788	All his revenue. / Agr. Sir, this should be answer'd.
3.6	37	927	our shared line	part	ftln-1796 ftln-1797	Demand the like. / Mec. He’ll never yield to that.
3.6	55	927	our shared line	part	ftln-1815 ftln-1816	With an augmented greeting. / Oct. Good my lord,
3.6	60	927	our shared line	part	ftln-1821 ftln-1822	His pardon for return. / Cæs. Which soon he granted,
3.6	62	927	our shared line	part	ftln-1824 ftln-1825	Oct. Do not say so, my lord. / Cœs. I have eyes upon him,
3.6	64	927	our shared line	short	ftln-1827 ftln-1828	Where is he now ? / Oct. My lord, in Athens.
3.6	76	927	our shared line	short	ftln-1840 ftln-1841	With a more larger list of sceptres. / Oct. Ay me, most wretched,
3.6	78	927	our shared line	part	ftln-1843 ftln-1844	That do afflict each other! / Cœs. Welcome hither:
3.6	90	927	our shared line	part	ftln-1856 ftln-1857	And ever welcome to us. / Agr. Welcome, lady.
3.6	96	927	our shared line	part	ftln-1863 ftln-1864	That noises it against us. / Oct. Is it so, sir?
3.7	4	927	our shared line	part	ftln-1870 ftln-1871	And say'st it is not fit. / Eno. Well, is it, is it?
3.7	10	927	our shared line	part	ftln-1877 ftln-1878	A soldier and his horse. / Cleo. What is't you say?
3.7	16	927	our shared line	part	ftln-1884 ftln-1885	Manage this war. / Cleo. Sink Rome, and their tongues rot
3.7	20	927	our shared line	part	ftln-1889 ftln-1890	I will not stay behind. / Eno. Nay, I have done.
3.7	21	927	our shared line	part	ftln-1891 ftln-1892	Here comes the emperor. / Ant. Is it not strange, Canidius,
3.7	26	927	our shared line	part	ftln-1897 ftln-1898	Than by the negligent. / Ant. A good rebuke,
3.7	29	928	our shared line	part	ftln-1901 ftln-1902	Will fight with him by sea. / Cleo. By sea! what else?
3.7	30	928	our shared line	part	ftln-1903 ftln-1904 ftln-1905	Can. Why will my lord do so? / Ant. For that he dares us to’t.
3.7	35	928	our shared line	part	ftln-1910 ftln-1911	And so should you. / Eno. Your ships are not well mann’d;
3.7	41	928	our shared line	part	ftln-1917 ftln-1918	Being prepared for land. / Ant. By sea, by sea.
3.7	49	928	our shared line	part	ftln-1926 ftln-1927	From firm security. / Ant. I’Il fight at sea.
3.7	67	928	our shared line	part	ftln-1948 ftln-1949	And fighting foot to foot. / Ant. Well, well: away!
3.7	71	928	our shared line	part	ftln-1953 ftln-1954	And we are women’s men. / Sold. You keep by land
3.7	76	928	our shared line	short	ftln-1959 ftln-1960	Carries beyond belief. / Sold. While he was yet in Rome,
3.7	78	928	our shared line	part	ftln-1962 ftln-1963	Beguiled all spies. / Can. Who’s his lieutenant, hear you?
3.7	79	928	our shared line	part	ftln-1964 ftln-1965	Sold. They say, one Taurus. / Can. Well I know the man.
3.10	4	928	our shared line	part	ftln-1983 ftln-1984	To see’t mine eyes are blasted. / Scar. Gods and goddesses,
3.10	5	928	our shared line	part	ftln-1985 ftln-1986	All the whole synod of them! / Eno. What’s thy passion?
3.10	8	928	our shared line	part	ftln-1989 ftln-1990	Kingdoms and provinces. / Eno. How appears the fight?
3.10	18	929	our shared line	part	ftln-2000 ftln-2001	Enduure a further vew. / Sear. She once being loof'd,
3.10	24	929	our shared line	part	ftln-2007 ftln-2008	Did violate so itself. / Ento. Alack, alack!
3.10	29	929	our shared line	short	ftln-2013 ftln-2014	Most grossly, by his own! / Erto. Ay, are you thereabouts ?
3.10	33	929	our shared line	part	ftln-2018 ftln-2019	What furtner comes. / Can. To Cæsar will I render
3.10	35	929	our shared line	part	ftln-2021 ftln-2022	Show me the way of yielding. / Eno. I'll yet follow
3.11	6	929	our shared line	part	ftln-2030 ftln-2031	And make your peace with Cæsar. / All. Fly! not we.
3.11	50	929	our shared line	part	ftln-2075 ftln-2076	A most unnoble swerving. / Eros. Sir, the queen.
3.11	54	929	our shared line	part	ftln-2081	"""Stroy'd in dishonour. / Cleo. O my lord, my lord,"
3.11	56	929	our shared line	part	ftln-2083 ftln-2084	You would have follow'd. / Ant. Egypt, thou knew’st too well
3.11	61	929	our shared line	part	ftln-2089 ftln-2090 ftln-2091	Command me. / Cleo. O, my pardon! / Ant. Now I must
3.11	68	929	our shared line	part	ftln-2098 ftln-2099	Obey it on all cause. / Cleo. Pardon, pardon!
3.12	2	929	our shared line	part	ftln-2108	Know you him? / Dol. Cæsar, 'tis his schoolmaster:
3.12	6	930	our shared line	part	ftln-2113 ftln-2114	Not many moons gone by. / Cœs. Approach, and speak.
3.12	10	930	our shared line	part	ftln-2118	To his grand sea. / Cæs. Be’t so; declare thine office.
3.12	19	930	our shared line	part	ftln-2128 ftln-2129	Now hazarded to thy grace. / Cœs. For Antony,
3.12	25	930	our shared line	part	ftln-2135 ftln-2136	Euph. Fortune pursue thee! / Cœs. Bring him through the bands.
3.12	33	930	our shared line	part	ftln-2145	Will answer as a law. / Thyr. Cæsar, I go.
3.12	36	930	our shared line	part	ftln-2149	In every power that moves. / Thyr. Cæsar, I shall. [Exeunt.
3.13	1	930	our shared line	part	ftln-2151 ftln-2152	Cleo. What shall we do, Enobarbus? / Eno. Think, and die.
3.13	12	930	our shared line	part	ftln-2163 ftln-2164	And leave his navy gazing. / Cleo. Prithee, peace.
3.13	16	930	our shared line	part	ftln-2168 ftln-2169 ftln-2170	Will vield us up. / Euph. He says so. / Ant Let her know't.
3.13	19	930	our shared line	part	ftln-2173 ftln-2174	With principalities. / Cleo. That head, my lord?
3.13	29	930	our shared line	silent	ftln-2185	Eno. [Aside] Yes, like enough, high-batt / Cæsar will
3.13	37	930	our shared line	part	ftln-2193 ftln-2194	His judgement too. / Att. A messenger from Cæsar.
3.13	41	930	our shared line	silent	ftln-2198	Eno. [Asidel Mine honesty and I begin to / square.
3.13	46	930	our shared line	part	ftln-2203	And earns a place i' the story. / Cleo. Cæsar's will?
3.13	47	930	our shared line	part	ftln-2205 ftln-2206	Thyr. Hear it apatt. / Cleo. None but friends: say boldly.
3.13	52	930	our shared line	short	ftln-2211 ftln-2212	Whose he is we are, and that is, Cæsar's / Thyr. So.
3.13	55	930	our shared line	part	ftln-2215 ftln-2216	Further than he is Cæsar. / Cleo. Goon: right royal.)
3.13	60	931	our shared line	part	ftln-2222 ftln-2223	Not as deserved. / Cleo. He is a god, and knows
3.13	62	931	our shared line	part	ftln-2225 ftln-2226	But conquer'd merely. / Eno. [Aside] To be sure of that,
3.13	65	931	our shared line	part	ftln-2229 ftln-2230	Thy dearest quit thee. [Exit. / Thyr. Shall I say to Cæsar
3.13	72	931	our shared line	part	ftln-2237 ftln-2238	The universal landlord. / Cleo. What’s your name?
3.13	73	931	our shared line	part	ftln-2239 ftln-2240	Thyr. My name is Thyreus. / Cleo. Most kind messenger,
3.13	78	931	our shared line	part	ftln-2245 ftln-2246	The doom of Egypt. / Thyr Tis vour noblest course.
3.13	82	931	our shared line	short	ftln-2250 ftln-2251	My duty on your hand. / Cleo. Your Cæsar’s father oft,
3.13	85	931	our shared line	part	ftln-2254 ftln-2255	As it rain’d kisses. / Ant. Favours, by Jove that thunders!
3.13	86	931	our shared line	part	ftln-2256 ftln-2257	What art thou, fellow? / Thyr One that but performs
3.13	88	931	our shared line	part	ftln-2259 ftln-2260	To have command obey’d. / Eno. Lside] You will be whipp’d.
3.13	94	931	our shared line	silent	ftln-2268	Eno. LAsidel Tis better playing with a l / whelp
3.13	95	931	our shared line	part	ftln-2269 ftln-2270	Than with an old one dying. / Ant. Moon and stars!
3.13	102	931	our shared line	part	ftln-2278 ftln-2279	Thyr. Mark Antony! / Ant. Tug him away: being whipp’d,
3.13	109	931	our shared line	part	ftln-2287 ftln-2288	By one that looks on feeders? / Cleo. Good my lord,—
3.13	115	931	our shared line	part	ftln-2294 ftln-2295	To our confusion. / Cleo. O, is’t come to this?
3.13	122	931	our shared line	part	ftln-2302 ftln-2303	You know not what it is. / Cleo. Wherefore is this?
3.13	132	931	our shared line	short	ftln-2314 ftln-2315	First Att. Soundly, my lord. / Ant. Cried he? and begg’d a' pardon?
3.13	153	931	our shared line	part	ftln-2337 ftln-2338	Cleo. Have you done yet? / Ant. Alack, our terrene moon
3.13	155	931	our shared line	short	ftln-2340	The fall of Antony! / Cleo. I must stay his time.
3.13	157	931	our shared line	part	ftln-2342 ftln-2343	With one that ties his points? / Cleo. Not know me yet?
3.13	158	931	our shared line	part	ftln-2344 ftln-2345	Ant. Cold-hearted toward me? / Cleo. Ah, dear, if I be so,
3.13	167	932	our shared line	part	ftln-2354 ftln-2355	Have buried them for prey! / Ant. I am satisfied.
3.13	185	932	our shared line	part	ftln-2374 ftln-2375	Let’s mock the midnight bell. / Cleo. It is my birth-day:
4.1	6	932	our shared line	short	ftln-2399	Laugh at his challenge. / Mec. Cæsar must think,
4.1	10	932	our shared line	part	ftln-2404 ftln-2405	Made good guard for itself. / Cœs. Let our best heads 1o
4.2	1	932	our shared line	part	ftln-2412 ftln-2413	Ant. He will not fight with me, Domitius / Eno. No
4.2	4	932	our shared line	part	ftln-2416 ftln-2417	He is twenty men to one. / Ant. To-morrow, soldier,
4.2	8	932	our shared line	part	ftln-2421 ftln-2422	Eno. I’Il strike, and cry “Take all. / Ant. Well said; come on.
4.2	13	932	our shared line	part	ftln-2429 ftln-2430	And kings have been your fellows. / Cleo. (Aside to Ena. ] What means this?
4.2	14	932	our shared line	silent	ftln-2431	"Eno. [Aside to Cleo.] ""Tis one of those  / tricks which sorrow shoots"
4.2	15	932	our shared line	part	ftln-2432 ftln-2433	Out of the mind. / Ant. And thou art honest too.
4.2	19	932	our shared line	part	ftln-2437 ftln-2438	So good as you have done. / All. The gods forbid!
4.2	23	932	our shared line	part	ftln-2442 ftln-2443	And suffer’d my command. / Cleo. [Aside to Eno.] What does he mean?
4.2	24	932	our shared line	part	ftln-2444 ftln-2445	Eno. [Aside to Cleo.] To make his follow / weep. / Ant. Tend me to-night;
4.2	33	932	our shared line	part	ftln-2454 ftln-2455	And the gods vield you for't! / Eno. What mean you, sir,
4.2	36	933	our shared line	part	ftln-2458 ftln-2459	Transform us not to women. / Ant. Ho, ho, ho!
4.3	11	933	our shared line	short	ftln-2480 ftln-2481	Our landmen will stand up. / Third Sold. Tis a brave army,
4.3	12	933	our shared line	short	ftln-2482 ftln-2483	And full of purpose. / Fourth Sold. Peace! what noise? / First Sold. List, list!
4.3	13	933	our shared line	short	ftln-2484 ftln-2485 ftln-2486	Sec. Sold. Hark! / Farst Sold. Music i' the air / Third Sold. Under the earth.
4.3	14	933	our shared line	short	ftln-2487 ftln-2488 ftln-2489	Fourth Sold. It signs well, does it not? / Third Sold. No. / Fixst Sold. Peace, I say!
4.3	19	933	our shared line	short	ftln-2493 ftln-2494 ftln-2495	Do hear what we do? / Sec. Sold. How now, masters! / All. [Speaking together] How now!
4.3	20	933	our shared line	short	ftln-2496	How now! do you hear this? / First Sold. Ay; is’t not strange?
4.3	23	933	our shared line	part	ftln-2499 ftln-2500	Let’s see how it will give off. / All. Content. Tis strange. [Exeunt.
4.4	1	933	our shared line	part	ftln-2501 ftln-2502	Ant. Eros! mine armour, Eros! / Cleo. Sleep a little.
4.4	5	933	our shared line	part	ftln-2506 ftln-2507	Because we brave her: come. / Cleo. Nay, I’Il help too.
4.4	6	933	our shared line	part	ftln-2508 ftln-2509	What’s this for? / Anl. Ah, let be, let be! thou art
4.4	8	933	our shared line	part	ftln-2511 ftln-2512	Cleo. Sooth, la, I’Il help: thus it must / Ant. Well, well:
4.4	10	933	our shared line	part	ftln-2514 ftln-2515	Go put on thy defences. / Eros. Briefiy, sir.
4.4	11	933	our shared line	part	ftln-2516 ftln-2517	Cleo. Is not this buckled well? / Ant. Rarely, rarely:
4.4	21	933	our shared line	part	ftln-2528 ftln-2529	And go to’t with delight. / SSold. A thousand, sir,
4.4	25	933	our shared line	part	ftln-2533 ftln-2534	"All. Good morrow, general. / Ant. ""Tis well blown, lads:"
4.4	35	933	our shared line	part	ftln-2545 ftln-2546	Char. Please you, retire to your chamber / Cleo. Lead me.
4.5	3	933	our shared line	part	ftln-2552	To make me fight at land! / Sold. Hadst thou done so,
4.5	6	934	our shared line	part	ftln-2557 ftln-2558	Follow’d thy heels. / Ant. Who’s gone this morning? / Sold. Who!
4.5	9	934	our shared line	part	ftln-2561 ftln-2562 ftln-2563	Say“ I am none of thine. / Ant. What say’st thou? / Sold. Sir,
4.5	10	934	our shared line	part	ftln-2564 ftln-2565	He is with Cæsar. / Eros. Sir, his chests and treasure
4.5	11	934	our shared line	part	ftln-2566 ftln-2567 ftln-2568	He has not with him. / Ant. Is he gone? / Sold. Most certain.
4.6	7	934	our shared line	part	ftln-2581 ftln-2582	Shall bear the olive freely. / Mess. Antony
4.6	8	934	our shared line	part	ftln-2583 ftln-2584	Is come into the field. / Cœs. Go charge Agrippa
4.6	20	934	our shared line	part	ftln-2596 ftln-2597	That I will joy no more. / Sold. Enobarbus, Antony
4.6	24	934	our shared line	short	ftln-2601 ftln-2602	Unloading of his mules. / Eno. I give it you.
4.7	6	934	our shared line	part	ftln-2624 ftln-2625	With clouts about their heads. / Ant. Thou bleed’st apace.
4.7	8	934	our shared line	part	ftln-2627 ftln-2628	But now 'tis made an H. / Ant. They do retire.
4.7	12	934	our shared line	part	ftln-2632 ftln-2633	For a fair victory. / Scar. Let us score their backs,
4.7	14	934	our shared line	part	ftln-2635 ftln-2636	Tis sport to maul a runner. / Ant. I will reward thee
4.7	16	934	our shared line	part	ftln-2638 ftln-2639	For thy good valour. Come thee on. / Scar. I’ll halt after. [Exeunt.
4.8	16	935	our shared line	part	ftln-2658 ftln-2659	Ride on the pants triumphing! / Cleo. Lord of lords!
4.8	18	935	our shared line	part	ftln-2661	The world’s great snare uncaught? / Ant. My nightingale,
4.8	26	935	our shared line	part	ftln-2674	Destroy’d in such a shape. / Cleo. I'Il give thee, friend,
4.9	4	935	our shared line	short	ftln-2693 ftln-2694	By the second hour i' the morn. / Sec. Sold. This last day was
4.9	5	935	our shared line	short	ftln-2695	A shrewd one to 's. / Eno. O, bear me witness, night.—
4.9	6	935	our shared line	short	ftln-2696 ftln-2697	Third Sold. What man is this? / Sec. Sold. Stand close, and list him.
4.9	10	935	our shared line	short	ftln-2701 ftln-2702 ftln-2703	Before thy face repent! / First Sold. Enobarbus! / Third Sold. Peace!
4.9	23	935	our shared line	short	ftln-2715 ftln-2716	Q Antony! O Anteny! IDies. / Sec. Sold. Let’s speak
4.9	26	935	our shared line	short	ftln-2719	May concern Cæsar. / Third Sold. Let’s do so. But he sleeps.
4.9	28	935	our shared line	part	ftln-2721 ftln-2722	Was never yet for sleep. / Sec. Sold. Go we to him.
4.9	29	935	our shared line	short	ftln-2723 ftln-2724	Third Sold. Awake, sir, awake; speak to  / Sec. Sold. Hear you, sir?
4.10	2	935	our shared line	part	ftln-2732 ftln-2733	We please them not by land. / Scar. For both, my lord.
4.12	3	935	our shared line	part	ftln-2747 ftln-2748	Straight, how ’tis like to go. IExit. / Scar. Swallows have built
4.12	9	935	our shared line	part	ftln-2754 ftln-2755	Of what he has, and has not. / Ani. All is lost;
4.13	3	936	our shared line	part	ftln-2803 ftln-2804	Was never so emboss’d. / Char. To the monument!
4.13	6	936	our shared line	part	ftln-2808 ftln-2809	Than greatness going off. / Cleo. To the monument!
4.14	1	936	our shared line	part	ftln-2815 ftln-2816	Ant. Eros, thou yet behold’st me? / Eros. Ay, noble lord.
4.14	8	936	our shared line	part	ftln-2824 ftln-2825	They are black vesper’s pageants. / Eros. Ay, my lord.
4.14	11	936	our shared line	part	ftln-2828 ftln-2829	As water is in water. / Eros. It does, my lord.
4.14	23	936	our shared line	part	ftln-2842 ftln-2843	She has robb'd me of my sword. / Mar. No, Antony;
4.14	25	936	our shared line	part	ftln-2845 ftln-2846	With thine entirely. / Ant Hence, saucy eunuch; peace E
4.14	34	936	our shared line	part	ftln-2855 ftln-2856 ftln-2857	Thy name so buried in her. / Ant. Dead, then? / Mar. Dead.
4.14	55	937	our shared line	part	ftln-2879 ftln-2880	Eros. What would my lord? / Ant. Since Cleopatra died,
4.14	69	937	our shared line	part	ftln-2894 ftln-2895	Put colour in thy cheek. / Eros. The gods withhold me !
4.14	71	937	our shared line	part	ftln-2897 ftln-2898	Though enemy, lost aim, and could not? / Ant. Eros,
4.14	77	937	our shared line	part	ftln-2904 ftln-2905	His baseness that ensued? / Eros. I would not see’t.
4.14	80	937	our shared line	part	ftln-2908 ftln-2909	Most useful for thy country. / Eros. O, sir, pardon me!
4.14	88	937	our shared line	part	ftln-2917 ftln-2918	Eros. My sword is drawn. / Ant. Then let it do at once
4.14	89	937	our shared line	part	ftln-2919 ftln-2920	The thing why thou hast drawn it. / Eros. My dear master,
4.14	93	937	our shared line	part	ftln-2924 ftln-2925	Eros. Farewell, great chief. Shall I str / Ant. Now, Eros.
4.14	95	937	our shared line	part	ftln-2928	Of Antony’s death. [Kills himself. / Ant. Thrice-nobler than myself!
4.14	104	937	our shared line	part	ftln-2939 ftln-2940	The guard, ho! O, dispatch me! / First Guard. What’s the noise?
4.14	106	937	our shared line	part	ftln-2942 ftln-2943	Of what I have begun. / Sec. Guard. The star is fall’n.
4.14	107	937	our shared line	part	ftln-2944 ftln-2945	First Guard. And time is at his period. / All. Alas, and woe!
4.14	108	937	our shared line	short	ftln-2946 ftln-2947	Ant. Let him that loves me strike me dea / First Guard. Not I.
4.14	114	937	our shared line	short	ftln-2953 ftln-2954 ftln-2955	Dio. Where’s Antony? / Der. There, Diomed there. / Dio. Lives he ?
4.14	117	937	our shared line	part	ftln-2957 ftln-2958	Sufficing strokes for death. / Dio. Most absolute lord,
4.14	119	937	our shared line	part	ftln-2960 ftln-2961 ftln-2962	Ant. When did she send thee? / Dio. Now, my lord. / Ant. Where is she ?
4.14	134	937	our shared line	part	ftln-2979 ftln-2980	All your true followers out. / All. Most heavy day!
4.15	2	938	our shared line	part	ftln-2988 ftln-2989	Char. Be comforted, dear madam. / Cleo. No, I will not:
4.15	9	938	our shared line	short	ftln-2997 ftln-2998	His guard have brought him thither. / Cleo. O sun,
4.15	13	938	our shared line	part	ftln-3002 ftln-3003	Help, friends below; let’s draw him hith / Ant. Peace!
4.15	21	938	our shared line	part	ftln-3011 ftln-3012	I lay upon thy lips. / Cleo. I dare not, dear,—
4.15	31	938	our shared line	part	ftln-3022 ftln-3023	Assist, good friends. / Ant. O, quick, or I am gone.
4.15	40	938	our shared line	short	ftln-3032 ftln-3033	Thus would I wear them out. / All. A heavy sight!
4.15	45	938	our shared line	part	ftln-3038 ftln-3039	Provoked by my offence. / Ant. One word, sweet queen:
4.15	47	938	our shared line	part	ftln-3041 ftln-3042	Cleo. They do not go together. / Ant. Gentle, hear me:
4.15	59	938	our shared line	part	ftln-3054 ftln-3055	I can no more. / Cleo. Noblest of men, woo’t die?
4.15	68	938	our shared line	part	ftln-3064 ftln-3065	Beneath the visiting moon. FFaints. / Char. O, quietness, lady!
4.15	69	938	our shared line	short	ftln-3067 ftln-3068	Iras. She is dead too, our sovereign. / Char. Lady! / Irar. Madam!
4.15	70	938	our shared line	short	ftln-3069 ftln-3070	Char. O madam, madam, madam! / Iras. Royal Egypt,
5.1	3	939	our shared line	part	ftln-3094	The pauses that he makes. / Dol. Cæsar, I shall. LExit.
5.1	5	939	our shared line	part	ftln-3097 ftln-3098	Appear thus to us ? / Der. I am call’d Dercetas;
5.1	12	939	our shared line	part	ftln-3105 ftln-3106	I yield thee up my life. / Cœs. What is’t thou say’st?
5.1	19	939	our shared line	part	ftln-3113 ftln-3114	A moiety of the world. / Der. He is dead, Cæsar;
5.1	26	939	our shared line	part	ftln-3121 ftln-3122	With his most noble blood. / Cœs. Look you sad, friends?
5.1	28	939	our shared line	part	ftln-3124 ftln-3125	To wash the eyes of kings. / Agr. And strange it is,
5.1	30	939	our shared line	part	ftln-3127 ftln-3128	Our most persisted deeds. / Mec. His taints and honours
5.1	31	939	our shared line	part	ftln-3129 ftln-3130	Waged equal with him. / Agr. A rarer spirit never
5.1	35	939	our shared line	part	ftln-3134 ftln-3135	He needs must see himself. / Cœs. O Antony!
5.1	56	939	our shared line	part	ftln-3156 ftln-3157	To the way she’s forced to. / Cœs. Bid her have good heart :
5.1	60	939	our shared line	part	ftln-3161 ftln-3162	To be ungentle. / Egyp. So the gods preserve thee! [Exit.
5.1	68	939	our shared line	part	ftln-3170	And how you find of her. / Pro. Cæsar, I shall. [Exit.
5.1	70	939	our shared line	part	ftln-3174 ftln-3175	To second Proculeius ? / All. Dolabella!
5.2	11	939	our shared line	part	ftln-3193 ftln-3194	Thou mean’st to have him grant thee. / Cleo. What’s thy name?
5.2	12	939	our shared line	part	ftln-3195 ftln-3196	Pro. My name is Proculeius. / Cleo. Antony
5.2	21	939	our shared line	part	ftln-3205 ftln-3206	Will kneel to him with thanks / Pro. Be of good cheer;
5.2	28	939	our shared line	part	ftln-3213 ftln-3214	Where he for grace is kneel’d to. / Cleo. Pray you, tell him
5.2	32	940	our shared line	part	ftln-3218 ftln-3219	Look him i' the face. / Pro. This I’Il report, dear lady.
5.2	39	940	our shared line	part	ftln-3226 ftln-3227	Cleo. Quick, quick, good hands. / Pro. Hold, worthy lady, hold :
5.2	41	940	our shared line	part	ftln-3229 ftln-3230	Relieved, but not betray'd. / Cleo. What, of death too,
5.2	42	940	our shared line	part	ftln-3231 ftln-3232	That rids our dogs of languish? / Pro. Cleopatra,
5.2	46	940	our shared line	part	ftln-3236 ftln-3237	Will never let come forth. / Cleo. Where art thou, death?
5.2	48	940	our shared line	part	ftln-3240	Worth many babes and beggars ! / Pro. O, temperance, lady!
5.2	62	940	our shared line	part	ftln-3254 ftln-3255	And hang me up in chains ! / Pro. You do extend
5.2	64	940	our shared line	part	ftln-3257 ftln-3258	Find cause in Cæsar. / Dol. Proculeius,
5.2	67	940	our shared line	part	ftln-3261 ftln-3262	L’Il take her to my guard. / Pro. So, Dolabella,
5.2	70	940	our shared line	part	ftln-3266 ftln-3267	If you ’ll employ me to him. / Clec. Say, I would die.
5.2	72	940	our shared line	part	ftln-3269 ftln-3270	Cleo. I cannot tell. / Dol. Assuredly you know me.
5.2	75	940	our shared line	part	ftln-3274	Is’t not your trick? / Dol. I understand not, madam.
5.2	78	940	our shared line	part	ftln-3277 ftln-3278	But such another man! / Doĺ If it might please ye,—
5.2	81	940	our shared line	part	ftln-3282 ftln-3283	The little O, the earth. / Dol. Most sovereign creature.—
5.2	92	940	our shared line	part	ftln-3295 ftln-3296	As plates dropp’d from his pocket. / Dol. Cleopatra!
5.2	94	940	our shared line	part	ftln-3298 ftln-3299	As this I dream'd of? / Dol. Gentle madam, no.
5.2	100	940	our shared line	part	ftln-3305 ftln-3306	Condemning shadows quite. / Dol. Hear me, good madam.
5.2	105	940	our shared line	part	ftln-3311 ftln-3312	My very heart at root. / Cleo. I thank you, sir.
5.2	108	940	our shared line	part	ftln-3315 ftln-3316	Cleo. Nay, pray you, sir, — / Dol. Though he be honourable, —
5.2	114	940	our shared line	part	ftln-3323 ftln-3324	I pray you, rise; rise, Egypt. / Cleo. Sir, the gods
5.2	116	940	our shared line	part	ftln-3326 ftln-3327	I must obey. / Cæs. Take to you no hard thoughts :
5.2	124	941	our shared line	part	ftln-3335 ftln-3336	Have often shamed our sex. / Cœs. Cleopatra, know,
5.2	147	941	our shared line	short	ftln-3359	Speak that which is not. / Cleo. What have I kept back ?
5.2	150	941	our shared line	part	ftln-3362 ftln-3363	Your wisdom in the deed. / Cleo. See, Cæsar ! O, behold, 150.
5.2	158	941	our shared line	part	ftln-3372 ftln-3373	O rarely base! / Cæs. Good queen, let us entreat you.
5.2	175	941	our shared line	part	ftln-3391 ftln-3392	Thou wouldst have mercy on me. / Cœs. Forbear, Seleucus.
5.2	179	941	our shared line	part	ftln-3396 ftln-3397	Are therefore to be pitied. / Cœes. Cleopatra,
5.2	190	941	our shared line	part	ftln-3410 ftln-3411	Céeo. My master, and my lord! / Cæs. Not so. Adieu.
5.2	194	941	our shared line	part	ftln-3415 ftln-3416	And we are for the dark / Cleo. Hie thee again:
5.2	196	941	our shared line	part	ftln-3418 ftln-3419	Go put it to the haste. / Char. Madam, I will.
5.2	197	941	our shared line	part	ftln-3421 ftln-3422	Dol. Where is the queen? / Char. Behold, sir. (Exit. / Cleo. Dolabella!
5.2	204	941	our shared line	part	ftln-3429 ftln-3430	Your pleasure and my promise. / Cleo. Dolabella,
5.2	205	941	our shared line	part	ftln-3431 ftln-3432	I shall remain your debtor. / Doĺ. I your servant.
5.2	213	941	our shared line	part	ftln-3441 ftln-3442	And forced to drink their vapour. / Iras. The gods forbid !
5.2	221	942	our shared line	part	ftln-3450 ftln-3451	I' the posture of a whore. / Tras. O the good gods!
5.2	224	942	our shared line	part	ftln-3454 ftln-3455	Are stronger than mine eyes. / Cleo. Why, that’s the way
5.2	233	942	our shared line	part	ftln-3466 ftln-3467	Wherefore’s this noise? / Guard. Here is a rural fellow
5.2	241	942	our shared line	part	ftln-3476 ftln-3477	No planet is of mine. / Guard. This is the man.
5.2	303	942	our shared line	part	ftln-3537 ftln-3538	The gods themselves do weep! / Cleo. This proves me base:
5.2	311	942	our shared line	part	ftln-3547 ftln-3548 ftln-3549	Unpolicied! / Char. O eastern star! / Cleo. Peace, peace!
5.2	313	942	our shared line	part	ftln-3551 ftln-3552	That sucks the nurse asleep? / Char. 1O, break! O, break !
5.2	323	943	our shared line	part	ftln-3563	First Guard. Where is the queen? / Char. Speak softly, wake her not.
5.2	324	943	our shared line	part	ftln-3565	First Guard. Cæsar hath sent– / Char. Too slow a messenger.
5.2	333	943	our shared line	part	ftln-3574	Sec. Guard. All dead. / Dol. Cæsar, thy thoughts
5.2	338	943	our shared line	short	ftln-3581 ftln-3582	That you did fear is done. / Cæs. Bravest at the last,,
5.2	341	943	our shared line	part	ftln-3585 ftln-3586	I do not see them bleed. / Dol. Who was last with them?
5.2	343	943	our shared line	part	ftln-3588 ftln-3590	This was his basket. / Cœs. Poison'd, then. / First Guard. O Cæsar,
5.2	347	943	our shared line	part	ftln-3594 ftln-3595	And on the sudden dropp’d. / Cæs. O noble weakness!
5.2	351	943	our shared line	part	ftln-3599 ftln-3600	In her strong toil of grace. / Dol. Here, on her breast,
5.2	356	943	our shared line	part	ftln-3605 ftln-3606	Upon the caves of Nile. / Cœs. Most probable
1.1	23	911	folger pair split across our lines	differ	ftln-0027 ftln-0028	"Take in that kingdom, and enfranchise th / Perform’t, or else we damn thee."" / Ant. How, my love!"
1.2	203	913	folger pair split across our lines	differ	ftln-0285 ftln-0286	Our quick remove from hence. / Eno. I shall do’t. IExeunt.
2.6	72	922	folger pair split across our lines	differ	ftln-1257 ftln-1258	Pom. I know thee now: how farest thou, / soldier? / Eno. Well;
2.7	136	924	folger pair split across our lines	differ	ftln-1485 ftln-1486	Come, down into the boat. / Eno. Take heed you fall not. / Menas, I’Il not on shore. / Men. No, to my cabin.
3.2	45	925	folger pair split across our lines	differ	ftln-1589 ftln-1590	Oct. Sir, look well to my husband’s hous / and— / Cæs. What, / Octavia? / Oct. I'll tell you in your ear.
3.3	10	925	folger pair split across our lines	differ	ftln-1632 ftln-1633	Cleo. Where? / Mess. Madam, in Rome;
3.7	6	927	folger pair split across our lines	differ	ftln-1873 ftln-1874	Be there in person? / Eno. (Asidel Well, I could reply:
3.7	29	928	folger pair split across our lines	differ	ftln-1902 ftln-1903	Will fight with him by sea. / Cleo. By sea! what else? / Can. Why will my lord do so? / Ant. For that he dares us to’t.
3.11	41	929	folger pair split across our lines	differ	ftln-2066 ftln-2067	Cleo. Ah, stand by. / Eros. The queen, my lord, the queen.
3.13	152	931	folger pair split across our lines	differ	ftln-2336 ftln-2337	Hence with thy stripes, begone! [Exit Th / Cleo. Have you done yet? / Ant. Alack, our terrene moon
4.3	17	933	folger pair split across our lines	differ	ftln-2491 ftln-2492	Now leaves him. / First SSold. Wake; let’s see if other wa
4.9	33	935	folger pair split across our lines	differ	ftln-2729 ftln-2730	Is fully out. / Thira Sold. Come on, then;
5.2	36	940	folger pair split across our lines	differ	ftln-3223 ftln-3224	ITo Proculeius and the Guara] Guard her  / Cæsar come. Exit. / Iras. Royal queen!
5.2	119	940	folger pair split across our lines	differ	ftln-3330 ftln-3331	As things but done by chance. / Clao. Sele sir o' the werld,
